edinet_code,sec_code,filer_name,corporate_number
E00113,1968,太平電業株式会社,4010001008748
E00165,8836,株式会社ＲＩＳＥ,8010001128641
E00168,1982,日比谷総合設備株式会社,9010401025405
E00182,1992,神田通信機株式会社,6010001013597
E00189,1981,株式会社協和日成,5011001006550
E00222,1994,高橋カーテンウォール工業株式会社,1010001049480
E00225,1965,株式会社テクノ菱和,3010401018661
E00232,1905,株式会社テノックス,7010401018815
E00240,1840,株式会社土屋ホールディングス,7430001010659
E00260,1787,株式会社ナカボーテック,7010001053015
E00282,1764,工藤建設株式会社,5020001011279
E00304,1736,株式会社　オーテック,8010601001272
E00313,1723,日本電技株式会社,1010601021483
E00474,2268,Ｂ－Ｒ　サーティワン　アイスクリーム株式会社,8010701008226
E00571,8013,株式会社ナイガイ,3010501024502
E00610,3600,株式会社フジックス,5130001005385
E00664,3944,古林紙工株式会社,6120001088901
E00675,3945,スーパーバッグ株式会社,8013301005766
E00682,3953,大村紙業株式会社,8021001006662
E00708,3948,光ビジネスフォーム株式会社,5010101003318
E00711,7946,株式会社光陽社,2120001077412
E00725,7864,株式会社フジシールインターナショナル,1120001002503
E00734,7863,株式会社平賀,5011601005828
E00735,7850,総合商研株式会社,8430001009031
E00786,4094,日本化学産業株式会社,8010501016239
E00794,6137,小池酸素工業株式会社,7011701002789
E00867,7886,ヤマト　モビリティ　＆　Ｍｆｇ．株式会社,8030001059463
E00904,4635,東京インキ株式会社,8011501003045
E00911,4625,アトミクス株式会社,5011401000351
E00917,4629,大伸化学株式会社,6010401016497
E01055,4972,綜研化学株式会社,8013301006500
E01061,4235,ウルトラファブリックス・ホールディングス株式会社,8010101002135
E01066,4241,株式会社アテクト,5122001004491
E01143,5268,旭コンクリート工業株式会社,5010001034751
E01172,4990,昭和化学工業株式会社,3013201002835
E01222,5288,アジアパイルホールディングス株式会社,2010001119497
E01283,5612,日本鋳鉄管株式会社,3010001016859
E01294,5695,パウダーテック株式会社,7040001066245
E01296,5697,株式会社サンユウ,1120001149666
E01298,3423,株式会社エスイー,4011101042505
E01318,5702,株式会社大紀アルミニウム工業所,5120001125102
E01321,5757,株式会社ＣＫサンエツ,7230001010051
E01331,5742,エヌアイシ・オートテック株式会社,2230001000412
E01366,5974,中国工業株式会社,6240001006578
E01381,5921,川岸工業株式会社,1010401007286
E01446,5987,株式会社オーネックス,2021001019513
E01456,6467,株式会社ニチダイ,2130001038818
E01505,6278,ユニオンツール株式会社,5010701010077
E01529,6391,株式会社加地テック,2120101021427
E01548,6245,株式会社ヒラノテクシード,9150001013309
E01628,6246,株式会社テクノスマート,4120001074705
E01644,7255,株式会社　桜井製作所,9080401001936
E01648,6494,株式会社ＮＦＫホールディングス,9020001018394
E01651,6347,株式会社プラコー,6030001018165
E01711,6322,株式会社タクミナ,1120001083948
E01753,6584,三櫻工業株式会社,6011001045853
E01813,6776,天昇電気工業株式会社,8012301007277
E01891,6993,大黒屋ホールディングス株式会社,1010401034636
E01916,6982,株式会社リード,9030001085467
E01971,6817,スミダコーポレーション株式会社,8010001064093
E01979,6941,山一電機株式会社,4010801012065
E01997,7711,助川電気工業株式会社,6050001023279
E02005,6867,リーダー電子株式会社,8020001022174
E02007,6654,不二電機工業株式会社,9130001022352
E02008,6298,ワイエイシイホールディングス株式会社,3012801002666
E02012,6518,三相電機株式会社,5140001059091
E02020,6870,日本フェンオール株式会社,5010001033646
E02040,6877,ＯＢＡＲＡ　ＧＲＯＵＰ株式会社,9021001027278
E02092,6668,株式会社アドテックプラズマテクノロジー,2240001029764
E02096,7836,アビックス株式会社,5020001005867
E02100,6662,株式会社ユビテック,9010701021368
E02120,6633,株式会社ＣＧＳホールディングス,4010701025183
E02246,7215,株式会社ファルテック,2020001077174
E02248,7208,株式会社カネミツ,8140001034728
E02323,7713,シグマ光機株式会社,8030001089741
E02324,6888,アクモス株式会社,8010001009651
E02336,7725,株式会社インターアクション,8020001005906
E02337,7709,クボテック株式会社,8120001063299
E02342,6778,株式会社アルチザネットワークス,2012801000217
E02411,6863,株式会社ニレコ,5010101003020
E02421,6291,日本エアーテック株式会社,5010501009996
E02428,7902,株式会社ソノコム,5013201003278
E02431,6907,ジオマテック株式会社,1020001015003
E02441,7877,永大化工株式会社,1120001019704
E02447,7399,株式会社ナンシン,1010001053053
E02462,6400,不二精機株式会社,3120001018670
E02464,7847,株式会社グラファイトデザイン,1030001090714
E02503,8093,極東貿易株式会社,2010001014327
E02518,8084,株式会社ＲＹＯＤＥＮ,8013301012440
E02588,8025,株式会社ツカモトコーポレーション,2010001034878
E02616,8046,丸藤シートパイル株式会社,2010001034944
E02647,8119,株式会社三栄コーポレーション,1010501004662
E02656,8137,サンワテクノス株式会社,5010001045369
E02660,8139,株式会社ナガホリ,9010501010760
E02666,8144,株式会社デンキョーグループホールディングス,7120001039110
E02671,8150,三信電気株式会社,1010401012096
E02673,8152,ソマール株式会社,9010001048632
E02708,9845,株式会社パーカーコーポレーション,5010001054386
E02718,9867,ソレキア株式会社,1010801004073
E02724,9880,イノテック株式会社,8020001019484
E02729,9889,ＪＢＣＣホールディングス株式会社,6010801009068
E02739,9818,大丸エナウィン株式会社,6120001031150
E02740,9820,エムティジェネックス株式会社,4010401039616
E02749,9908,日本電計株式会社,9010501010505
E02759,9929,平和紙業株式会社,5120001089074
E02762,9941,太洋物産株式会社,5010001049188
E02769,9960,東テク株式会社,2010001051477
E02775,9973,ＫＯＺＯホールディングス株式会社,6012801009114
E02782,9991,ジェコス株式会社,2010001069981
E02794,7422,東邦レマック株式会社,2010001005342
E02812,3153,八洲電機株式会社,9010401029819
E02821,7456,松田産業株式会社,2011101020140
E02826,7463,株式会社アドヴァン,2011001001075
E02827,7466,ＳＰＫ株式会社,9120001034407
E02836,7477,ムラキ株式会社,6013401005189
E02847,7500,西川計測株式会社,1010401021428
E02861,7531,清和中央ホールディングス株式会社,2120001044593
E02865,7539,株式会社アイナボホールディングス,9011801005756
E02878,7567,株式会社栄電子,5010001017343
E02905,7628,株式会社オーハシテクニカ,1010401088566
E02920,3426,アトムリビンテック株式会社,1010501007351
E02922,2667,株式会社イメージワン,9011101002149
E02928,2689,オルバヘルスケアホールディングス株式会社,7260001001915
E02932,2693,ＹＫＴ株式会社,6011001023677
E02964,2795,日本プリメックス株式会社,1010801009097
E02980,7837,株式会社アールシーコア,8013201007128
E02986,3374,内外テック株式会社,6010901008705
E02994,3392,デリカフーズホールディングス株式会社,8011801015921
E03004,3070,株式会社ジェリービーンズグループ,9010501001644
E03005,3079,ディーブイエックス株式会社,9011601006203
E03006,3076,あいホールディングス株式会社,4010001108077
E03020,8242,エイチ・ツー・オー　リテイリング株式会社,1120001059683
E03181,9904,株式会社ベリテ,3020001050312
E03251,7464,セフテック株式会社,7010001004224
E03360,2673,夢みつけ隊株式会社,8011101037559
E03368,2685,株式会社アンドエスティＨＤ,1050001002254
E03415,2778,パレモ・ホールディングス株式会社,4180001086075
E03451,3358,Ｔｒａｉｌｈｅａｄ　Ｇｌｏｂａｌ　Ｈｏｌｄｉｎｇｓ株式会社,9290801016604
E03465,3021,株式会社パシフィックネット,5010401054564
E03498,3083,スターシーズ株式会社,6010001072528
E03505,3077,ホリイフードサービス株式会社,2050001002286
E03740,8783,ａｂｃ株式会社,9010401047481
E04008,8912,株式会社エリアクエスト,8013201016434
E04038,8944,株式会社ランドビジネス,5010001031955
E04072,3245,株式会社ディア・ライフ,2010001090418
E04077,3248,株式会社アールエイジ,6010401059587
E04123,9033,広島電鉄株式会社,9240001009470
E04342,9362,兵機海運株式会社,6140001010417
E04354,9087,タカセ株式会社,3010401058435
E04356,9367,大東港運株式会社,8010401016578
E04856,9687,株式会社ＫＳＫ,1013401001845
E04914,9612,株式会社ラックランド,6011101022356
E04920,9799,旭情報サービス株式会社,7010001035087
E04932,9791,株式会社ビケンテクノ,5120901008067
E04944,9780,株式会社ハリマビステム,6020001024214
E04988,4674,株式会社クレスコ,7010401008700
E04995,4685,株式会社菱友システムズ,3010401031664
E05017,4709,株式会社ＩＤホールディングス,7010001011096
E05018,7595,株式会社アルゴグラフィックス,7010001062783
E05054,4736,日本ラッド株式会社,8010401094657
E05075,4752,株式会社　昭和システムエンジニアリング,3010001045552
E05096,4763,株式会社クリーク・アンド・リバー社,1010001101101
E05101,4769,株式会社ＩＣ,3010701001012
E05120,4783,ＮＣＤ株式会社,2010701007869
E05151,4814,ネクストウェア株式会社,3120001086949
E05163,4826,株式会社ＣＩＪ,1020001015606
E05199,4286,株式会社ＣＬホールディングス,1011001025439
E05201,4288,株式会社アズジェント,7010001035673
E05204,4287,株式会社ジャストプランニング,7010801005818
E05230,4317,株式会社レイ,6010401031785
E05236,4323,日本システム技術株式会社,3120001072817
E05241,2721,株式会社ジェイホールディングス,2010401083302
E05255,4335,ＩＰＳホールディングス株式会社,3140001005782
E05275,4351,株式会社山田再生系債権回収総合事務所,8020001016168
E05282,4356,応用技術株式会社,9120001121031
E05291,2307,株式会社クロスキャット,5010701002818
E05293,2311,株式会社エプコ,4011801000662
E05315,2338,クオンタムソリューションズ株式会社,2011101046458
E05317,2342,株式会社トランスジェニックグループ,9330001006698
E05322,2349,株式会社エヌアイデイ,8040001063472
E05332,2359,株式会社コア,4010901003823
E05348,3719,ＡＩストーム株式会社,9013201016466
E05367,2385,株式会社総医研ホールディングス,4120901026508
E05377,1717,明豊ファシリティワークス株式会社,7010001072436
E05395,3726,株式会社フォーシーズＨＤ,7290001032701
E05407,8929,株式会社青山財産ネットワークス,4010401087540
E05411,2418,株式会社ツカダ・グローバルホールディング,2011001035049
E05417,2411,ゲンダイエージェンシー株式会社,8010101001161
E05440,2425,株式会社ケアサービス,8010801003671
E05445,3787,株式会社テクノマセマティカル,6010701012444
E05450,2437,Ｓｈｉｎｗａ　Ｗｉｓｅ　Ｈｏｌｄｉｎｇｓ株式会社,7010001047124
E05467,2429,株式会社ワールドホールディングス,4290801004051
E05469,3766,システムズ・デザイン株式会社,7011301012643
E05481,9425,ＲｅＹｕｕ　Ｊａｐａｎ株式会社,2120001072917
E05505,8945,サンネクスタグループ株式会社,9011101027286
E05512,7833,株式会社アイフィスジャパン,9010001009543
E05516,3804,株式会社システム　ディ,8130001021041
E05521,3798,ＵＬＳグループ株式会社,9010001075445
E05543,3779,ジェイ・エスコムホールディングス株式会社,4010401059201
E05553,3799,キーウェアソリューションズ株式会社,5011101033882
E05561,3800,株式会社ユニリタ,2010401034593
E05569,2479,株式会社ジェイテック,9010001065586
E05573,3803,イメージ情報開発株式会社,7010001141249
E05593,2488,ＪＴＰ株式会社,6010701025248
E05606,3042,株式会社セキュアヴェイル,3120001099513
E05607,3454,ファーストブラザーズ株式会社,1010001086441
E05609,2492,株式会社インフォマート,2010401041383
E05611,2493,イーサポートリンク株式会社,2013301018864
E05630,3823,ＴＨＥ　ＷＨＹ　ＨＯＷ　ＤＯ　ＣＯＭＰＡＮＹ株式会社,7013201013779
E05635,3816,株式会社大和コンピューター,1120901011371
E05640,3817,株式会社ＳＲＡホールディングス,2013301022429
E05657,2136,株式会社ヒップ,9020001015813
E05659,3835,ｅＢＡＳＥ株式会社,9120001099805
E05669,3841,株式会社ジーダット,7010001085545
E05674,3840,パス株式会社,1011001070286
E05677,3842,株式会社ネクストジェン,6010001097517
E05679,3839,株式会社ＯＤＫソリューションズ,8120001092926
E05695,2154,株式会社オープンアップグループ,5010401078571
E05705,3854,株式会社アイル,2120001034108
E05728,4571,ＮＡＮＯホールディングス株式会社,5040001067344
E05741,3623,ビリングシステム株式会社,6010001139434
E05821,1773,ワイ・ティー・エル・コーポレーション・バーハッド,
E05951,9399,ビート・ホールディングス・リミテッド　（貝德控股有限公司、Ｂｅａｔ　Ｈｏｌｄｉｎｇｓ　Ｌｉｍｉｔｅｄ）,
E05958,4875,メディシノバ・インク,
E21187,5857,ＡＲＥホールディングス株式会社,4140001030937
E21514,2179,株式会社成学社,6120001140744
E21553,3628,株式会社データホライゾン,9240001012318
E22016,3444,株式会社菊池製作所,6010101000917
E22470,6078,株式会社バリューＨＲ,7011001036950
E22612,3266,株式会社ファンドクリエーショングループ,8010001145769
E22995,3154,メディアスホールディングス株式会社,3010001135832
E23288,3157,ジオリーブグループ株式会社,8010401084328
E23487,4575,株式会社キャンバス,1080101002382
E23741,3131,シンデン・ハイテックス株式会社,2010001094897
E24512,1418,インターライフホールディングス株式会社,4011501016216
E24982,3645,株式会社メディカルネット,1011001036766
E24998,3647,株式会社アスリナ,7010401094468
E25169,6249,株式会社ゲームカードホールディングス,7010001139202
E25665,6620,宮越ホールディングス株式会社,6010801021964
E26095,3169,株式会社ミサワ,7013201019157
E26096,4583,株式会社カイオム・バイオサイエンス,6011101054960
E26579,3174,株式会社ハピネス・アンド・ディ,4040001063955
E26625,6063,日本エマージェンシーアシスタンス株式会社,8010001081502
E26703,3665,株式会社エニグモ,8010401088452
E26839,6070,キャリアリンク株式会社,2011101023151
E27016,4929,株式会社アジュバンホールディングス,2140001015675
E27043,6087,株式会社アビスト,8011001065412
E27210,3183,ウイン・パートナーズ株式会社,9010501035080
E27215,3180,株式会社ビューティガレージ,6011301013031
E27235,3670,協立情報通信株式会社,2010401008184
E27530,6248,株式会社横田製作所,4240001012215
E27815,3187,株式会社ミラタップ,5120001080628
E30053,6081,アライドアーキテクツ株式会社,5011001045516
E30085,3682,エンカレッジ・テクノロジ株式会社,4010001084285
E30124,3294,株式会社イーグランド,9010001084487
E30130,6088,株式会社シグマクシス・ホールディングス,6010401075873
E30479,6616,トレックス・セミコンダクター株式会社,2010001079907
E30877,3692,株式会社ＦＦＲＩセキュリティ,3011101046226
E30881,3195,株式会社ジェネレーションパス,9011101032971
E30998,6029,アトラグループ株式会社,6120001113618
E30999,6025,日本ＰＣサービス株式会社,9120901014607
E31035,2586,株式会社フルッタフルッタ,4010001094581
E31037,4248,竹本容器株式会社,9010501007633
E31042,3445,株式会社ＲＳ　Ｔｅｃｈｎｏｌｏｇｉｅｓ,3010701024500
E31071,6034,ＭＲＴ株式会社,3011101059533
E31123,7815,東京ボード工業株式会社,2010601034286
E31131,3905,データセクション株式会社,7010401083082
E31335,4593,株式会社ヘリオス,3290001055549
E31336,3908,株式会社コラボス,6010001076248
E31436,3914,ＪＩＧ－ＳＡＷ株式会社,3430001027574
E31574,3137,株式会社ファンデリー,5011501004062
E31602,7781,株式会社平山ホールディングス,8010401098518
E31622,7812,株式会社クレステック,1080401001547
E31640,3918,ＰＣＩホールディングス株式会社,2010701018957
E31681,3461,株式会社パルマ,6010001082675
E31729,3139,株式会社ラクト・ジャパン,5010001051615
E31741,1434,ＪＥＳＣＯホールディングス株式会社,1011101008616
E31905,7183,あんしん保証株式会社,9010401049214
E31997,6186,株式会社一蔵,4030001000777
E32108,3931,株式会社バリューゴルフ,1010401055616
E32156,6189,株式会社グローバルキッズＣＯＭＰＡＮＹ,1010001170889
E32159,3934,株式会社ベネフィットジャパン,7120001089122
E32161,3933,チエル株式会社,7011101025151
E32198,9466,株式会社アイドママーケティングコミュニケーション,4230001000030
E32254,3539,株式会社ＪＭホールディングス,1050001011577
E32408,3937,株式会社Ｕｂｉｃｏｍホールディングス,8010401059998
E32591,3940,株式会社ノムラシステムコーポレーション,3011001035642
E32592,3547,株式会社ユニシアホールディングス,8010901029204
E32601,6533,株式会社Ｏｒｃｈｅｓｔｒａ　Ｈｏｌｄｉｎｇｓ,3011001061184
E32603,3939,株式会社カナミックネットワーク,9010701012714
E32736,3550,株式会社スタジオアタオ,8140001028011
E32750,3967,株式会社エルテス,4010401099544
E32763,7191,株式会社イントラスト,6010001133718
E32770,5704,株式会社ＪＭＣ,2020001035875
E32779,3482,ロードスターキャピタル株式会社,9011001072894
E32795,6538,株式会社ディスラプターズ,4010401081592
E32801,6539,株式会社ＭＳ－Ｊａｐａｎ,9120001111949
E32814,3974,ＳＣＡＴ株式会社,8060001014432
E32951,6543,株式会社日宣,8010001071429
E32989,4881,株式会社ファンペップ,1011001097115
E33026,3984,株式会社ユーザーローカル,9011001069346
E33037,3562,株式会社Ｎｏ．１,8010001136248
E33040,3985,テモナ株式会社,4010601036512
E33044,4597,ソレイジア・ファーマ株式会社,9010401075961
E33109,3565,アセンテック株式会社,2011101051771
E33232,3986,株式会社ビーブレイクシステムズ,7010701013986
E33247,6549,ディーエムソリューションズ株式会社,9012401014057
E33272,6551,株式会社ツナググループ・ホールディングス,8010001107240
E33282,9262,株式会社シルバーライフ,7010901028669
E33305,3566,ユニフォームネクスト株式会社,2210001004332
E33313,7810,株式会社クロスフォー,1090001001062
E33323,6696,株式会社トラース・オン・プロダクト,7020001042025
E33345,6695,株式会社キャストリコ,4010001096017
E33357,6554,株式会社エスユーエス,6130001017685
E33416,9267,Ｇｅｎｋｙ　ＤｒｕｇＳｔｏｒｅｓ株式会社,5210001016969
E33435,3484,株式会社イノベーションホールディングス,7011101062525
E33497,7808,株式会社シー・エス・ランバー,1040001057646
E33514,9264,ポエック株式会社,5240001032096
E33515,6558,クックビズ株式会社,7120001128193
E33535,1443,技研ホールディングス株式会社,2011301023802
E33553,3997,株式会社トレードワークス,1010001085245
E33579,3486,株式会社グローバル・リンク・マネジメント,3011001044453
E33588,6560,株式会社エル・ティー・エス,8011101053812
E33594,6235,株式会社オプトラン,1030001056764
E33602,6561,株式会社ＨＡＮＡＴＯＵＲ　ＪＡＰＡＮ,3010401058864
E33610,9388,株式会社パパネッツ,9030001067804
E33623,4390,株式会社アイ・ピー・エス,5010001072421
E33626,3998,株式会社すららネット,7010001136802
E33633,6566,株式会社要興業,7013301003168
E33784,4380,株式会社Ｍマート,8011101033863
E33790,7090,株式会社リグア,7120001108848
E33800,2934,ジェイフロンティア株式会社,9011001063340
E33838,6571,キュービーネットホールディングス株式会社,6010001163541
E33858,9271,株式会社和心,6011001072625
E33863,3490,株式会社アズ企画設計,9030001073546
E33864,6574,株式会社コンヴァノ,8011001095822
E33880,4382,ＨＥＲＯＺ株式会社,7010401081739
E33928,6578,株式会社コレックホールディングス,2013301031289
E34031,4386,株式会社ＳＩＧグループ,7010001001114
E34045,4391,ロジザード株式会社,1010401053173
E34070,7031,株式会社インバウンドテック,4011101072956
E34071,9273,コーア商事ホールディングス株式会社,6020001109452
E34090,4389,プロパティデータバンク株式会社,7010401042534
E34097,7040,株式会社サン・ライフホールディング,4021001065753
E34114,4422,ＶＡＬＵＥＮＥＸ株式会社,3010001125817
E34238,7035,ａｎｄ　ｆａｃｔｏｒｙ株式会社,7011001102001
E34256,3495,香陵住販株式会社,2050001000950
E34290,7038,フロンティア・マネジメント株式会社,1010001121867
E34335,4421,株式会社ディ・アイ・システム,3010401052264
E34352,7041,ＣＲＧホールディングス株式会社,7011101067961
E34379,7042,株式会社アクセスグループ・ホールディングス,5010401081443
E34455,7681,株式会社レオクラン,1120901010233
E34470,7670,オーウエル株式会社,6120001049291
E34486,1450,ＴＡＮＡＫＥＮ株式会社,7010401017288
E34498,7043,アルー株式会社,6010001145804
E34522,2970,ＧＬＣ　ＧＲＯＵＰ株式会社,7330001008449
E34565,7675,セントラルフォレストグループ株式会社,2180001135998
E34587,4437,ｇｏｏｄｄａｙｓホールディングス株式会社,9010001174040
E34633,4429,リックソフト株式会社,1010001124218
E34634,7049,株式会社識学,7011001104435
E34657,7050,株式会社フロンティアインターナショナル,4011001031764
E34663,4430,東海ソフト株式会社,1180001031538
E34735,7061,日本ホスピスホールディングス株式会社,5010001180645
E34851,7345,株式会社アイ・パートナーズフィナンシャル,3020001046095
E34853,4446,Ｌｉｎｋ－Ｕグループ株式会社,6010701028399
E34866,7064,株式会社ハウテレビジョン,4011601015654
E34954,7066,株式会社ピアズ,8180001056958
E34974,4444,株式会社インフォネット,2010001142978
E34994,7378,株式会社アシロ,9011101076787
E34995,7068,フィードフォースグループ株式会社,7010001098357
E34999,4599,株式会社ステムリム,6120901018131
E35114,6597,ＨＰＣシステムズ株式会社,4010401096252
E35137,4450,株式会社パワーソリューションズ,6010001106038
E35163,4477,ＢＡＳＥ株式会社,7010401103229
E35164,4481,ベース株式会社,9010001063813
E35170,7683,株式会社ダブルエー,2011001053257
E35187,7073,株式会社ジェイック,1010001066022
E35220,4251,恵和株式会社,1120001051649
E35238,7074,株式会社トゥエンティーフォーセブンホールディングス,6010001115154
E35258,7076,名南Ｍ＆Ａ株式会社,1180001116041
E35294,3449,株式会社テクノフレックス,3010501032975
E35307,4486,ユナイトアンドグロウ株式会社,4011101061083
E35308,4483,株式会社ＪＭＤＣ,6010403010531
E35341,7078,ＩＮＣＬＵＳＩＶＥ　Ｈｏｌｄｉｎｇｓ株式会社,3010401068418
E35449,6231,木村工機株式会社,9120001077892
E35466,4491,コンピューターマネージメント株式会社,8120001028938
E35488,7085,株式会社カーブスホールディングス,5070001005771
E35491,7687,株式会社ミクリード,7011501018184
E35496,4888,ステラファーマ株式会社,5120001124194
E35508,7091,株式会社リビングプラットフォーム,4430001059195
E35514,7093,アディッシュ株式会社,1010701029988
E35518,4883,株式会社モダリス,1010001172984
E35542,6613,株式会社ＱＤレーザ,8020001085428
E35555,6599,エブレン株式会社,4010101000605
E35560,7317,株式会社松屋アールアンドディ,3210001009917
E35589,4496,株式会社コマースＯｎｅホールディングス,7010001101896
E35597,2984,ヤマイチエステート株式会社,6170001003368
E35610,7367,株式会社セルム,8011001112552
E35611,7097,株式会社さくらさくプラス,6010001185437
E35642,4051,ＧＭＯフィナンシャルゲート株式会社,5011001064508
E35758,4052,フィーチャ株式会社,6030001049697
E35765,4057,株式会社インターファクトリー,9011601012325
E35773,7351,株式会社グッドパッチ,6010501033839
E35791,4886,あすか製薬ホールディングス株式会社,8010401159328
E35931,7354,株式会社ダイレクトマーケティングミックス,7010001185502
E35941,4011,株式会社ヘッドウォータース,4011101040211
E35947,2932,株式会社ＳＴＩフードホールディングス,8010401135262
E35948,285A,キオクシアホールディングス株式会社,8010401144206
E35989,4014,株式会社カラダノート,7010401079733
E36077,4016,ＭＩＴホールディングス株式会社,8040001042344
E36100,4017,株式会社クリーマ,6011001059861
E36107,4168,株式会社ヤプリ,6010401104203
E36108,4020,ビートレンド株式会社,7010401054521
E36122,4170,株式会社Ｋａｉｚｅｎ　Ｐｌａｔｆｏｒｍ,2010401130731
E36123,7694,株式会社いつも,4010401074282
E36134,7366,株式会社ＬＩＴＡＬＩＣＯ,4011001133197
E36155,4019,株式会社スタメン,7180001121985
E36174,4166,かっこ株式会社,9010001137889
E36213,4174,株式会社アピリッツ,4011001065192
E36312,4018,株式会社Ｇｅｏｌｏｃａｔｉｏｎ　Ｔｅｃｈｎｏｌｏｇｙ,4080101006447
E36343,4177,株式会社ｉ－ｐｌｕｇ,2140001087145
E36350,4885,室町ケミカル株式会社,3290001054096
E36353,7362,株式会社Ｔ．Ｓ．Ｉ,6130001044812
E36366,4178,株式会社Ｓｈａｒｉｎｇ　Ｉｎｎｏｖａｔｉｏｎｓ,5010601039720
E36372,4180,Ａｐｐｉｅｒ　Ｇｒｏｕｐ株式会社,4010403018510
E36398,4179,株式会社ジーネクスト,6010001146785
E36405,9327,株式会社イー・ロジット,7010001126191
E36410,4192,スパイダープラス株式会社,5013301026121
E36412,5074,テスホールディングス株式会社,7120001138936
E36420,7361,株式会社ヒューマンクリエイションホールディングス,8010001178760
E36433,6521,株式会社オキサイド,9090001011376
E36478,7375,株式会社リファインバースグループ,8010001219556
E36498,7347,株式会社マーキュリアホールディングス,8010001219432
E36532,4196,株式会社ネオマーケティング,4011001046358
E36539,7377,ＤＮホールディングス株式会社,8010001219795
E36545,6228,株式会社ジェイ・イー・ティ,1260001018766
E36621,7369,株式会社メイホーホールディングス,6200001033709
E36629,7372,株式会社デコルテ・ホールディングス,2010001180292
E36635,4071,株式会社プラスアルファ・コンサルティング,9010401068115
E36637,4198,株式会社テンダ,3013301014169
E36653,4069,株式会社ＢｌｕｅＭｅｍｅ,3010001132912
E36655,7376,ＢＣＣ株式会社,4120001181633
E36666,4073,株式会社ジィ・シィ企画,5040001046876
E36667,369A,株式会社エータイ,3011101038066
E36670,7792,株式会社コラントッテ,8120001073372
E36697,4937,株式会社Ｗａｑｏｏ,9010901023800
E36708,4074,株式会社ラキール,4010401134301
E36713,7699,オムニ・プラス・システム・リミテッド,
E36714,7129,ミアヘルサホールディングス株式会社,3011101096519
E36722,4075,ブレインズテクノロジー株式会社,3010601036265
E36751,9247,ＴＲＥホールディングス株式会社,2010001221609
E36757,7127,株式会社一家ホールディングス,4040001120442
E36840,4076,株式会社シイエヌエス,9011001034011
E36896,9246,株式会社プロジェクトホールディングス,8010401122459
E36897,4371,株式会社コアコンセプト・テクノロジー,4010001127738
E36901,4374,株式会社ＲＯＢＯＴ　ＰＡＹＭＥＮＴ,7011001051017
E36937,4270,株式会社ＢｅｅＸ,4010001173996
E36944,4377,株式会社ワンキャリア,8011001106991
E36988,9250,株式会社ＧＲＣＳ,3010001097899
E37006,9253,スローガン株式会社,1010001096077
E37038,9251,株式会社ＡＢ＆Ｃｏｍｐａｎｙ,8010401136855
E37069,4891,㈱ティムス,5013401006469
E37082,7131,のむら産業株式会社,2012701007849
E37095,4412,株式会社サイエンスアーツ,3010001129272
E37098,9252,株式会社ラストワンマイル,2010001147267
E37130,4414,株式会社フレクト,6011001045498
E37131,4261,アジアクエスト株式会社,2010901030183
E37141,2993,株式会社長栄,9130001015067
E37143,7134,株式会社アップガレージグループ,7020001105153
E37145,4419,株式会社Ｆｉｎａｔｅｘｔホールディングス,8010001157847
E37146,4416,株式会社Ｔｒｕｅ　Ｄａｔａ,6010401042601
E37147,4417,グローバルセキュリティエキスパート株式会社,2010401086255
E37153,9212,Ｇｒｅｅｎ　Ｅａｒｔｈ　Ｉｎｓｔｉｔｕｔｅ株式会社,4010001142142
E37159,9254,株式会社ラバブルマーケティンググループ,3010401113149
E37169,4256,株式会社サインド,9010701025765
E37176,9211,株式会社エフ・コード,7011101050802
E37198,7133,ＨＹＵＧＡ　ＰＲＩＭＡＲＹ　ＣＡＲＥ株式会社,4290001042983
E37199,9258,株式会社ＣＳ－Ｃ,6011501017170
E37207,4263,サスメド株式会社,7010003022232
E37214,9158,株式会社シーユーシー,9010401113614
E37220,9257,ＹＣＰホールディングス（グローバル）リミテッド,
E37222,4265,Ｉｎｓｔｉｔｕｔｉｏｎ　ｆｏｒ　ａ　Ｇｌｏｂａｌ　Ｓｏｃｉｅｔｙ株式会社,8011001065180
E37304,9213,株式会社セイファート,6011001043048
E37419,7793,株式会社イメージ・マジック,4030001059302
E37457,7138,株式会社ＴＯＲＩＣＯ,5011201010526
E37466,5027,ＡｎｙＭｉｎｄ　Ｇｒｏｕｐ株式会社,7010401150205
E37468,5079,株式会社ノバック,4140001058111
E37502,4197,株式会社アスマーク,2010901015886
E37504,2998,クリアル株式会社,3010401093663
E37506,5028,セカンドサイトアナリティカ株式会社,1010001176151
E37508,9218,株式会社メンタルヘルステクノロジーズ,2010701026514
E37546,9219,株式会社ギックス,8011001092828
E37560,9221,フルハシＥＰＯ株式会社,3180001022733
E37563,281A,インフォメティス株式会社,2010401105122
E37595,2997,株式会社ストレージ王,3260001012107
E37603,5029,サークレイス株式会社,5010001150061
E37742,9553,株式会社マイクロアド,5011001052933
E37743,366A,ウェルネス・コミュニケーションズ株式会社,2010601032208
E37744,9554,株式会社ＡＶｉＣ,5012401024308
E37810,9225,ブリッジコンサルティンググループ株式会社,9010401096413
E37814,7795,株式会社ＫＹＯＲＩＴＳＵ,5010902023530
E37815,5034,株式会社ｕｎｅｒｒｙ,7010001169991
E37831,7111,ＩＮＥＳＴ株式会社,6013301049765
E37848,7110,株式会社クラシコム,6012401017913
E37902,5038,株式会社ｅＷｅＬＬ,1120001171257
E37911,9558,ジャパニアス株式会社,6020001036275
E37913,7388,株式会社ＦＰパートナー,8010001129227
E37926,5126,ポーターズ株式会社,1010401046887
E37950,5039,株式会社キットアライブ,6430001072262
E37957,9562,ビジネスコーチ株式会社,5010001092774
E37959,5129,株式会社ＦＩＸＥＲ,1010401084788
E37985,9563,Ａｔｌａｓ　Ｔｅｃｈｎｏｌｏｇｉｅｓ株式会社,8012401033578
E37986,5834,ＳＢＩリーシングサービス株式会社,4010401130688
E38007,9564,株式会社ＦＣＥ,5011101080339
E38008,5132,株式会社ｐｌｕｓｚｅｒｏ,7010901042439
E38036,5134,株式会社ＰＯＰＥＲ,8011001103683
E38072,5136,ｔｒｉｐｌａ株式会社,8012701013115
E38109,5574,株式会社ＡＢＥＪＡ,5011001091576
E38129,5527,株式会社ｐｒｏｐｅｒｔｙ　ｔｅｃｈｎｏｌｏｇｉｅｓ,5011001137024
E38139,9340,株式会社アソインターナショナル,5010001035717
E38156,4892,株式会社サイフューズ,1010001140223
E38157,5240,ｍｏｎｏＡＩ　ｔｅｃｈｎｏｌｏｇｙ株式会社,3011101065465
E38162,9337,株式会社トリドリ,6011001111250
E38163,5242,株式会社アイズ,3011001051128
E38167,7114,株式会社フーディソン,8010401104993
E38169,5246,株式会社ＥＬＥＭＥＮＴＳ,4011001098069
E38171,5138,株式会社Ｒｅｂａｓｅ,1010901034004
E38178,9339,株式会社コーチ・エィ,6010001075555
E38191,5247,株式会社ＢＴＭ,4010701025456
E38200,9342,株式会社スマサポ,1120001170275
E38205,5137,株式会社スマートドライブ,9010901033015
E38256,5248,株式会社テクノロジーズ,3010901034654
E38335,5257,ノバシステム株式会社,8120001046444
E38367,5250,ＧＭＯプライム・ストラテジー株式会社,2010401081974
E38443,7120,株式会社ＳＨＩＮＫＯ,7010501036634
E38452,9344,アクシスコンサルティング株式会社,5010001078311
E38453,4893,ノイルイミューン・バイオテック株式会社,1010001167340
E38460,5256,株式会社Ｆｕｓｉｃ,4290001023455
E38474,5252,日本ナレッジ株式会社,3010501010543
E38483,6225,株式会社エコム,2080401002321
E38491,5258,株式会社トランザクション・メディア・ネットワークス,7010001115847
E38512,5530,日本システムバンク株式会社,8210001002628
E38523,2962,株式会社テクニスコ,7010701006313
E38567,5572,株式会社Ｒｉｄｇｅ－ｉ,9010001177423
E38634,5533,株式会社エリッツホールディングス,2130001048932
E38645,5576,株式会社オービーシステム,5120001030401
E38654,5578,ＡＲアドバンストテクノロジ株式会社,2010001130058
E38662,5575,株式会社Ｇｌｏｂｅｅ,9011001100548
E38667,5532,株式会社リアルゲイト,2010401098366
E38682,5884,株式会社クラダシ,3011001100958
E38683,5582,株式会社グリッド,4010401084422
E38685,5579,株式会社ＧＳＩ,6430001032588
E38687,9159,株式会社Ｗ　ＴＯＫＹＯ,1010001168883
E38693,9165,株式会社クオルテック,5120101021226
E38695,7409,ＡｅｒｏＥｄｇｅ株式会社,4060001027529
E38716,5843,ニッポンインシュア株式会社,7290001022124
E38728,9163,株式会社ナレルグループ,1010401145895
E38755,5586,株式会社Ｌａｂｏｒｏ．ＡＩ,7010001174744
E38761,6209,リケンＮＰＲ株式会社,9010001238935
E38780,6224,株式会社ＪＲＣ,2120001044197
E38785,5581,株式会社カイテクノロジー,2010401122225
E38849,9330,株式会社揚羽,3010001133118
E38864,5587,株式会社インバウンドプラットフォーム,2011001107558
E38895,9168,株式会社ライズ・コンサルティング・グループ,5010401156815
E38898,3958,笹徳印刷株式会社,1180001069322
E38905,190A,Ｃｈｏｒｄｉａ　Ｔｈｅｒａｐｅｕｔｉｃｓ株式会社,1021001063330
E38906,9170,成友興業株式会社,5013101000994
E38919,5589,株式会社オートサーバー,2010001171804
E38949,5591,株式会社ＡＶＩＬＥＮ,1010501042976
E38957,5590,株式会社ネットスターズ,9010001141627
E38965,5592,株式会社くすりの窓口,7420001005379
E38969,9237,株式会社笑美面,9120001146301
E38985,4896,株式会社ケイファーマ,9010401128001
E39008,9236,ジャパンＭ＆Ａソリューション株式会社,3010701038434
E39114,5597,ブルーイノベーション株式会社,7010002053617
E39122,5599,Ｓ＆Ｊ株式会社,9010401079013
E39158,5870,株式会社ナルネットコミュニケーションズ,9010401147034
E39161,149A,株式会社シンカ,5010001158006
E39184,150A,株式会社ＪＳＨ,9010001174841
E39194,5621,株式会社ヒューマンテクノロジーズ,9010001144019
E39222,5892,株式会社ｙｕｔｏｒｉ,1020003014176
E39254,167A,リョーサン菱洋ホールディングス株式会社,8010001243688
E39259,166A,株式会社タスキホールディングス,8010401181579
E39268,130A,株式会社Ｖｅｒｉｔａｓ　Ｉｎ　Ｓｉｌｉｃｏ,4011001113744
E39273,168A,株式会社イタミアート,2260001008618
E39349,137A,Ｃｏｃｏｌｉｖｅ株式会社,4010401129383
E39367,142A,株式会社ジンジブ,8010401117310
E39377,138A,光フードサービス株式会社,6180001072619
E39382,135A,株式会社ＶＲＡＩＮ　Ｓｏｌｕｔｉｏｎ,3010001208381
E39397,153A,株式会社カウリス,7011101075345
E39405,155A,株式会社情報戦略テクノロジー,2011001059411
E39407,146A,コロンビア・ワークス株式会社,8011001094980
E39408,157A,グリーンモンスター株式会社,8011001096069
E39410,148A,株式会社ハッチ・ワーク,4010401098174
E39448,160A,株式会社アズパートナーズ,3010001090458
E39449,248A,株式会社キッズスター,6011001102514
E39473,156A,マテリアルグループ株式会社,8010401113771
E39483,147A,株式会社ソラコム,9011001102783
E39487,175A,株式会社Ｗｉｌｌ　Ｓｍａｒｔ,3010401103249
E39505,208A,株式会社構造計画研究所ホールディングス,5011201025607
E39640,194A,株式会社ＷＯＬＶＥＳ　ＨＡＮＤ,7010001199948
E39646,189A,株式会社Ｄ＆Ｍカンパニー,2120001194249
E39653,184A,株式会社学びエイド,4010001167800
E39662,195A,株式会社ＭＵＳＣＡＴ　ＧＲＯＵＰ,2011101076579
E39668,196A,株式会社ＭＦＳ,5010401082796
E39677,253A,株式会社ＥＴＳグループ,4013301053182
E39778,220A,株式会社Ｆａｂｅｒ　Ｃｏｍｐａｎｙ,5010401064118
E39788,218A,株式会社Ｌｉｂｅｒａｗａｒｅ,7040001096770
E39812,272A,株式会社グリーンクロスホールディングス,9290001107872
E39864,231A,Ｃｒｏｓｓ　Ｅホールディングス株式会社,3310001018107
E39903,247A,Ａｉロボティクス株式会社,8011001110465
E39906,241A,株式会社ＲＯＸＸ,4011001097376
E39920,242A,株式会社リプライオリティ,9010001128178
E39928,245A,株式会社ＩＮＧＳ,3011101052273
E39936,246A,株式会社アスア,7180001043783
E39945,259A,株式会社ケイ・ウノ,9180001005179
E39961,244A,グロースエクスパートナーズ株式会社,9010001118708
E39968,269A,株式会社Ｓａｐｅｅｔ,5010001174267
E40018,264A,株式会社Ｓｃｈｏｏ,3011001071002
E40034,263A,株式会社デジタルキューブ,7140001029282
E40058,265A,Ｈｍｃｏｍｍ株式会社,9020001096754
E40060,278A,Ｔｅｒｒａ　Ｄｒｏｎｅ株式会社,5011001109543
E40130,276A,ククレブ・アドバイザーズ株式会社,2010001202336
E40147,277A,グロービング株式会社,5011101079356
E40164,296A,令和アカウンティング・ホールディングス株式会社,6010001128817
E40223,303A,株式会社ｖｉｓｕｍｏ,2011001127358
E40398,325A,株式会社ＴＥＮＴＩＡＬ,9011001120604
E40399,330A,株式会社ＴａｌｅｎｔＸ,3010001192221
E40423,341A,株式会社トヨコー,2080101010566
E40429,338A,株式会社ＺｅｎｍｕＴｅｃｈ,9011001099070
E40439,603A,株式会社アイ・グリッド・ソリューションズ,3010001103145
E40448,339A,プログレス・テクノロジーズ　グループ株式会社,4010401153730
E40452,334A,株式会社ビジュアル・プロセッシング・ジャパン,9011001019532
E40500,402A,株式会社アクセルスペースホールディングス,1010001207963
E40505,350A,デジタルグリッド株式会社,4010001187063
E40512,377A,株式会社エージェントＩＧホールディングス,3011101112366
E40546,352A,株式会社ＬＯＩＶＥ,7430001038015
E40648,367A,プリモグローバルホールディングス株式会社,2010001214496
E40668,368A,株式会社北里,9010001108188
E40689,559A,梅乃宿酒造株式会社,8150001012402
E40729,547A,ムニノバホールディングス株式会社,5130001081939
E40748,391A,株式会社山忠,4180001098211
E40792,415A,ＧＭＯ　ＴＥＣＨホールディングス株式会社,1011001172925
E40865,407A,株式会社ＵＮＩＣＯＮホールディングス,5010001200089
E40916,410A,ＧＭＯコマース株式会社,5011001092582
E40917,428A,サイプレス・ホールディングス株式会社,2010001202872
E40979,441A,ＮＥ株式会社,2021001075886
E40985,429A,テクセンドフォトマスク株式会社,1010401164466
E40991,476A,辻・本郷ＩＴコンサルティング株式会社,2011001073585
E41037,483A,テラテクノロジー株式会社,8013301007853
E41055,469A,株式会社フィットクルー,6120901034938
E41086,460A,ＢＲＡＮＵ株式会社,6010401083620
E41104,446A,株式会社ノースサンド,6010601048200
E41149,471A,ＮＳグループ株式会社,3010001220782
E41152,477A,株式会社スタートライン,9010101009311
E41235,546A,ＭＩＲＡＩＮＩホールディングス株式会社,1010401197763
E41318,504A,イノバセル株式会社,1011001137886
E41323,545A,株式会社トランヴィア,6010001264166
E41331,550A,株式会社ソフトテックス,4180001004425
E41361,542A,株式会社ビタブリッドジャパン,3010401111607
E41409,523A,株式会社セイワホールディングス,4180001144361
E41452,549A,ヒトトヒトホールディングス株式会社,1010401147041
E41488,520A,ジェイファーマ株式会社,6011101043476
E41495,575A,前澤ホールディングス株式会社,7010001266021
E41542,590A,ギフティグループ株式会社,5010701049776
E41554,556A,犬猫生活株式会社,6013301042349
E41566,558A,株式会社ＳＱＵＥＥＺＥ,6010401113988
E41753,584A,ＬｉＮＫＸ株式会社,3010401154102
E41917,598A,チャットプラス株式会社,7010001177714
E41918,604A,株式会社ビーエイブル,5380001016457
