-- Generated by infra/init/generate-sample-seed.mjs — do not edit by hand.
PRAGMA foreign_keys = ON;

INSERT OR REPLACE INTO companies (
  edinet_code, sec_code, filer_name, listed_category, industry
) VALUES (
  'E00000', '9999', 'サンプル株式会社', '上場', '情報・通信業'
);

INSERT OR REPLACE INTO companies (
  edinet_code, sec_code, filer_name, listed_category, industry
) VALUES (
  'E00001', '1301', 'カブトシステムズ株式会社', '上場', '情報・通信業'
);

INSERT OR REPLACE INTO companies (
  edinet_code, sec_code, filer_name, listed_category, industry
) VALUES (
  'E00002', '1302', 'ライオンロジスティクス株式会社', '上場', '陸運業'
);

INSERT OR REPLACE INTO companies (
  edinet_code, sec_code, filer_name, listed_category, industry
) VALUES (
  'E00003', '1303', 'ペンギンソリューションズ株式会社', '上場', 'サービス業'
);

INSERT OR REPLACE INTO companies (
  edinet_code, sec_code, filer_name, listed_category, industry
) VALUES (
  'E00004', '1304', 'キツネクラウド株式会社', '上場', '情報・通信業'
);

INSERT OR REPLACE INTO companies (
  edinet_code, sec_code, filer_name, listed_category, industry
) VALUES (
  'E00005', '1305', 'クジラデータバンク株式会社', '上場', '銀行業'
);

INSERT OR REPLACE INTO companies (
  edinet_code, sec_code, filer_name, listed_category, industry
) VALUES (
  'E00006', '1306', 'ハリネズミファイナンス株式会社', '上場', 'その他金融業'
);

INSERT OR REPLACE INTO companies (
  edinet_code, sec_code, filer_name, listed_category, industry
) VALUES (
  'E00007', '1307', 'フクロウメディア株式会社', '上場', '情報・通信業'
);

INSERT OR REPLACE INTO companies (
  edinet_code, sec_code, filer_name, listed_category, industry
) VALUES (
  'E00008', '1308', 'ラッコアセットマネジメント株式会社', '上場', '証券、商品先物取引業'
);

INSERT OR REPLACE INTO companies (
  edinet_code, sec_code, filer_name, listed_category, industry
) VALUES (
  'E00009', '1309', 'シロクマエナジー株式会社', '上場', '電気・ガス業'
);

INSERT OR REPLACE INTO companies (
  edinet_code, sec_code, filer_name, listed_category, industry
) VALUES (
  'E00010', '1310', 'ウサギテクノロジーズ株式会社', '上場', '電気機器'
);

INSERT OR REPLACE INTO documents (
  doc_id, edinet_code, sec_code, doc_type, ordinance_code, form_code, doc_type_code,
  period_start, period_end, submit_date_time, withdrawal_status, doc_description, source_meta_json
) VALUES (
  'SAMPLE-ANNUAL-2021', 'E00000', '9999', 'annual',
  '010', '030000', '120', '2020-04-01', '2021-03-31',
  '2021-06-28T09:00:00Z', '0', '有価証券報告書',
  '{"source":"local-d1-seed"}'
);

INSERT OR REPLACE INTO documents (
  doc_id, edinet_code, sec_code, doc_type, ordinance_code, form_code, doc_type_code,
  period_start, period_end, submit_date_time, withdrawal_status, doc_description, source_meta_json
) VALUES (
  'SAMPLE-ANNUAL-2022', 'E00000', '9999', 'annual',
  '010', '030000', '120', '2021-04-01', '2022-03-31',
  '2022-06-28T09:00:00Z', '0', '有価証券報告書',
  '{"source":"local-d1-seed"}'
);

INSERT OR REPLACE INTO documents (
  doc_id, edinet_code, sec_code, doc_type, ordinance_code, form_code, doc_type_code,
  period_start, period_end, submit_date_time, withdrawal_status, doc_description, source_meta_json
) VALUES (
  'SAMPLE-ANNUAL-2023', 'E00000', '9999', 'annual',
  '010', '030000', '120', '2022-04-01', '2023-03-31',
  '2023-06-28T09:00:00Z', '0', '有価証券報告書',
  '{"source":"local-d1-seed"}'
);

INSERT OR REPLACE INTO documents (
  doc_id, edinet_code, sec_code, doc_type, ordinance_code, form_code, doc_type_code,
  period_start, period_end, submit_date_time, withdrawal_status, doc_description, source_meta_json
) VALUES (
  'SAMPLE-ANNUAL-2024', 'E00000', '9999', 'annual',
  '010', '030000', '120', '2023-04-01', '2024-03-31',
  '2024-06-28T09:00:00Z', '0', '有価証券報告書',
  '{"source":"local-d1-seed"}'
);

INSERT OR REPLACE INTO documents (
  doc_id, edinet_code, sec_code, doc_type, ordinance_code, form_code, doc_type_code,
  period_start, period_end, submit_date_time, withdrawal_status, doc_description, source_meta_json
) VALUES (
  'SAMPLE-ANNUAL-2025', 'E00000', '9999', 'annual',
  '010', '030000', '120', '2024-04-01', '2025-03-31',
  '2025-06-28T09:00:00Z', '0', '有価証券報告書',
  '{"source":"local-d1-seed"}'
);

INSERT OR REPLACE INTO documents (
  doc_id, edinet_code, sec_code, doc_type, ordinance_code, form_code, doc_type_code,
  period_start, period_end, submit_date_time, withdrawal_status, doc_description, source_meta_json
) VALUES (
  'SAMPLE-Q1-2021', 'E00000', '9999', 'quarterly',
  '010', '030000', '120', '2020-04-01', '2020-06-30',
  '2020-10-15T09:00:00Z', '0', '四半期報告書',
  '{"source":"local-d1-seed"}'
);

INSERT OR REPLACE INTO documents (
  doc_id, edinet_code, sec_code, doc_type, ordinance_code, form_code, doc_type_code,
  period_start, period_end, submit_date_time, withdrawal_status, doc_description, source_meta_json
) VALUES (
  'SAMPLE-Q2-2021', 'E00000', '9999', 'quarterly',
  '010', '030000', '120', '2020-07-01', '2020-09-30',
  '2020-13-15T09:00:00Z', '0', '四半期報告書',
  '{"source":"local-d1-seed"}'
);

INSERT OR REPLACE INTO documents (
  doc_id, edinet_code, sec_code, doc_type, ordinance_code, form_code, doc_type_code,
  period_start, period_end, submit_date_time, withdrawal_status, doc_description, source_meta_json
) VALUES (
  'SAMPLE-Q3-2021', 'E00000', '9999', 'quarterly',
  '010', '030000', '120', '2020-10-01', '2020-12-31',
  '2020-16-15T09:00:00Z', '0', '四半期報告書',
  '{"source":"local-d1-seed"}'
);

INSERT OR REPLACE INTO documents (
  doc_id, edinet_code, sec_code, doc_type, ordinance_code, form_code, doc_type_code,
  period_start, period_end, submit_date_time, withdrawal_status, doc_description, source_meta_json
) VALUES (
  'SAMPLE-Q4-2021', 'E00000', '9999', 'quarterly',
  '010', '030000', '120', '2021-01-01', '2021-03-31',
  '2021-05-15T09:00:00Z', '0', '四半期報告書',
  '{"source":"local-d1-seed"}'
);

INSERT OR REPLACE INTO documents (
  doc_id, edinet_code, sec_code, doc_type, ordinance_code, form_code, doc_type_code,
  period_start, period_end, submit_date_time, withdrawal_status, doc_description, source_meta_json
) VALUES (
  'SAMPLE-Q1-2022', 'E00000', '9999', 'quarterly',
  '010', '030000', '120', '2021-04-01', '2021-06-30',
  '2021-10-15T09:00:00Z', '0', '四半期報告書',
  '{"source":"local-d1-seed"}'
);

INSERT OR REPLACE INTO documents (
  doc_id, edinet_code, sec_code, doc_type, ordinance_code, form_code, doc_type_code,
  period_start, period_end, submit_date_time, withdrawal_status, doc_description, source_meta_json
) VALUES (
  'SAMPLE-Q2-2022', 'E00000', '9999', 'quarterly',
  '010', '030000', '120', '2021-07-01', '2021-09-30',
  '2021-13-15T09:00:00Z', '0', '四半期報告書',
  '{"source":"local-d1-seed"}'
);

INSERT OR REPLACE INTO documents (
  doc_id, edinet_code, sec_code, doc_type, ordinance_code, form_code, doc_type_code,
  period_start, period_end, submit_date_time, withdrawal_status, doc_description, source_meta_json
) VALUES (
  'SAMPLE-Q3-2022', 'E00000', '9999', 'quarterly',
  '010', '030000', '120', '2021-10-01', '2021-12-31',
  '2021-16-15T09:00:00Z', '0', '四半期報告書',
  '{"source":"local-d1-seed"}'
);

INSERT OR REPLACE INTO documents (
  doc_id, edinet_code, sec_code, doc_type, ordinance_code, form_code, doc_type_code,
  period_start, period_end, submit_date_time, withdrawal_status, doc_description, source_meta_json
) VALUES (
  'SAMPLE-Q4-2022', 'E00000', '9999', 'quarterly',
  '010', '030000', '120', '2022-01-01', '2022-03-31',
  '2022-05-15T09:00:00Z', '0', '四半期報告書',
  '{"source":"local-d1-seed"}'
);

INSERT OR REPLACE INTO documents (
  doc_id, edinet_code, sec_code, doc_type, ordinance_code, form_code, doc_type_code,
  period_start, period_end, submit_date_time, withdrawal_status, doc_description, source_meta_json
) VALUES (
  'SAMPLE-Q1-2023', 'E00000', '9999', 'quarterly',
  '010', '030000', '120', '2022-04-01', '2022-06-30',
  '2022-10-15T09:00:00Z', '0', '四半期報告書',
  '{"source":"local-d1-seed"}'
);

INSERT OR REPLACE INTO documents (
  doc_id, edinet_code, sec_code, doc_type, ordinance_code, form_code, doc_type_code,
  period_start, period_end, submit_date_time, withdrawal_status, doc_description, source_meta_json
) VALUES (
  'SAMPLE-Q2-2023', 'E00000', '9999', 'quarterly',
  '010', '030000', '120', '2022-07-01', '2022-09-30',
  '2022-13-15T09:00:00Z', '0', '四半期報告書',
  '{"source":"local-d1-seed"}'
);

INSERT OR REPLACE INTO documents (
  doc_id, edinet_code, sec_code, doc_type, ordinance_code, form_code, doc_type_code,
  period_start, period_end, submit_date_time, withdrawal_status, doc_description, source_meta_json
) VALUES (
  'SAMPLE-Q3-2023', 'E00000', '9999', 'quarterly',
  '010', '030000', '120', '2022-10-01', '2022-12-31',
  '2022-16-15T09:00:00Z', '0', '四半期報告書',
  '{"source":"local-d1-seed"}'
);

INSERT OR REPLACE INTO documents (
  doc_id, edinet_code, sec_code, doc_type, ordinance_code, form_code, doc_type_code,
  period_start, period_end, submit_date_time, withdrawal_status, doc_description, source_meta_json
) VALUES (
  'SAMPLE-Q4-2023', 'E00000', '9999', 'quarterly',
  '010', '030000', '120', '2023-01-01', '2023-03-31',
  '2023-05-15T09:00:00Z', '0', '四半期報告書',
  '{"source":"local-d1-seed"}'
);

INSERT OR REPLACE INTO documents (
  doc_id, edinet_code, sec_code, doc_type, ordinance_code, form_code, doc_type_code,
  period_start, period_end, submit_date_time, withdrawal_status, doc_description, source_meta_json
) VALUES (
  'SAMPLE-Q1-2024', 'E00000', '9999', 'quarterly',
  '010', '030000', '120', '2023-04-01', '2023-06-30',
  '2023-10-15T09:00:00Z', '0', '四半期報告書',
  '{"source":"local-d1-seed"}'
);

INSERT OR REPLACE INTO documents (
  doc_id, edinet_code, sec_code, doc_type, ordinance_code, form_code, doc_type_code,
  period_start, period_end, submit_date_time, withdrawal_status, doc_description, source_meta_json
) VALUES (
  'SAMPLE-Q2-2024', 'E00000', '9999', 'quarterly',
  '010', '030000', '120', '2023-07-01', '2023-09-30',
  '2023-13-15T09:00:00Z', '0', '四半期報告書',
  '{"source":"local-d1-seed"}'
);

INSERT OR REPLACE INTO documents (
  doc_id, edinet_code, sec_code, doc_type, ordinance_code, form_code, doc_type_code,
  period_start, period_end, submit_date_time, withdrawal_status, doc_description, source_meta_json
) VALUES (
  'SAMPLE-Q3-2024', 'E00000', '9999', 'quarterly',
  '010', '030000', '120', '2023-10-01', '2023-12-31',
  '2023-16-15T09:00:00Z', '0', '四半期報告書',
  '{"source":"local-d1-seed"}'
);

INSERT OR REPLACE INTO documents (
  doc_id, edinet_code, sec_code, doc_type, ordinance_code, form_code, doc_type_code,
  period_start, period_end, submit_date_time, withdrawal_status, doc_description, source_meta_json
) VALUES (
  'SAMPLE-Q4-2024', 'E00000', '9999', 'quarterly',
  '010', '030000', '120', '2024-01-01', '2024-03-31',
  '2024-05-15T09:00:00Z', '0', '四半期報告書',
  '{"source":"local-d1-seed"}'
);

INSERT OR REPLACE INTO documents (
  doc_id, edinet_code, sec_code, doc_type, ordinance_code, form_code, doc_type_code,
  period_start, period_end, submit_date_time, withdrawal_status, doc_description, source_meta_json
) VALUES (
  'SAMPLE-Q1-2025', 'E00000', '9999', 'quarterly',
  '010', '030000', '120', '2024-04-01', '2024-06-30',
  '2024-10-15T09:00:00Z', '0', '四半期報告書',
  '{"source":"local-d1-seed"}'
);

INSERT OR REPLACE INTO documents (
  doc_id, edinet_code, sec_code, doc_type, ordinance_code, form_code, doc_type_code,
  period_start, period_end, submit_date_time, withdrawal_status, doc_description, source_meta_json
) VALUES (
  'SAMPLE-Q2-2025', 'E00000', '9999', 'quarterly',
  '010', '030000', '120', '2024-07-01', '2024-09-30',
  '2024-13-15T09:00:00Z', '0', '四半期報告書',
  '{"source":"local-d1-seed"}'
);

INSERT OR REPLACE INTO documents (
  doc_id, edinet_code, sec_code, doc_type, ordinance_code, form_code, doc_type_code,
  period_start, period_end, submit_date_time, withdrawal_status, doc_description, source_meta_json
) VALUES (
  'SAMPLE-Q3-2025', 'E00000', '9999', 'quarterly',
  '010', '030000', '120', '2024-10-01', '2024-12-31',
  '2024-16-15T09:00:00Z', '0', '四半期報告書',
  '{"source":"local-d1-seed"}'
);

INSERT OR REPLACE INTO documents (
  doc_id, edinet_code, sec_code, doc_type, ordinance_code, form_code, doc_type_code,
  period_start, period_end, submit_date_time, withdrawal_status, doc_description, source_meta_json
) VALUES (
  'SAMPLE-Q4-2025', 'E00000', '9999', 'quarterly',
  '010', '030000', '120', '2025-01-01', '2025-03-31',
  '2025-05-15T09:00:00Z', '0', '四半期報告書',
  '{"source":"local-d1-seed"}'
);

INSERT OR REPLACE INTO documents (
  doc_id, edinet_code, sec_code, doc_type, ordinance_code, form_code, doc_type_code,
  period_start, period_end, submit_date_time, withdrawal_status, doc_description, source_meta_json
) VALUES (
  'SAMPLE-SEMI-2021', 'E00000', '9999', 'semiannual',
  '010', '030000', '120', '2020-04-01', '2020-09-30',
  '2020-11-14T09:00:00Z', '0', '半期報告書',
  '{"source":"local-d1-seed"}'
);

INSERT OR REPLACE INTO documents (
  doc_id, edinet_code, sec_code, doc_type, ordinance_code, form_code, doc_type_code,
  period_start, period_end, submit_date_time, withdrawal_status, doc_description, source_meta_json
) VALUES (
  'SAMPLE-SEMI-2022', 'E00000', '9999', 'semiannual',
  '010', '030000', '120', '2021-04-01', '2021-09-30',
  '2021-11-14T09:00:00Z', '0', '半期報告書',
  '{"source":"local-d1-seed"}'
);

INSERT OR REPLACE INTO documents (
  doc_id, edinet_code, sec_code, doc_type, ordinance_code, form_code, doc_type_code,
  period_start, period_end, submit_date_time, withdrawal_status, doc_description, source_meta_json
) VALUES (
  'SAMPLE-SEMI-2023', 'E00000', '9999', 'semiannual',
  '010', '030000', '120', '2022-04-01', '2022-09-30',
  '2022-11-14T09:00:00Z', '0', '半期報告書',
  '{"source":"local-d1-seed"}'
);

INSERT OR REPLACE INTO documents (
  doc_id, edinet_code, sec_code, doc_type, ordinance_code, form_code, doc_type_code,
  period_start, period_end, submit_date_time, withdrawal_status, doc_description, source_meta_json
) VALUES (
  'SAMPLE-SEMI-2024', 'E00000', '9999', 'semiannual',
  '010', '030000', '120', '2023-04-01', '2023-09-30',
  '2023-11-14T09:00:00Z', '0', '半期報告書',
  '{"source":"local-d1-seed"}'
);

INSERT OR REPLACE INTO documents (
  doc_id, edinet_code, sec_code, doc_type, ordinance_code, form_code, doc_type_code,
  period_start, period_end, submit_date_time, withdrawal_status, doc_description, source_meta_json
) VALUES (
  'SAMPLE-SEMI-2025', 'E00000', '9999', 'semiannual',
  '010', '030000', '120', '2024-04-01', '2024-09-30',
  '2024-11-14T09:00:00Z', '0', '半期報告書',
  '{"source":"local-d1-seed"}'
);

INSERT OR REPLACE INTO period_financials (
  edinet_code, sec_code, doc_id, doc_type, period_start, period_end, submit_date_time, filer_name,
  summary_json, pl_json, bs_json, cf_json, raw_tsv_path
) VALUES (
  'E00000', '9999', 'SAMPLE-ANNUAL-2021', 'annual',
  '2020-04-01', '2021-03-31', '2021-06-28T09:00:00Z', 'サンプル株式会社',
  '{"売上高":"1049699005179","経常利益":"199742147527","包括利益":"170169982998","親会社株主に帰属する当期純利益":"166019495608","純資産額":"2512353426951","総資産額":"5952359429969","１株当たり純資産額":"5034.78","１株当たり当期純利益又は当期純損失":"332.70","潜在株式調整後１株当たり当期純利益":"327.71","自己資本比率":"0.4221","自己資本利益率、経営指標等":"0.0661","株価収益率":"24.25","株価純資産倍率":"1.29","営業活動によるキャッシュ・フロー":"146053274593","投資活動によるキャッシュ・フロー":"-52475343526","財務活動によるキャッシュ・フロー":"88776988060","現金及び現金同等物の残高":"123806882481","従業員数":"20607","平均臨時雇用人員":"4119","配当性向":"0.5474","１株当たり配当額":"182.11","発行済株式総数（普通株式）":"499000000","資本金":"52484950259"}',
  '{"売上高":"1049699005179","売上原価":"750021275798","売上総利益又は売上総損失（△)":"299677729380","販売費及び一般管理費":"82594932843","営業利益":"217082796537","経常利益":"199742147527","税引前利益":"195747304577","親会社株主に帰属する当期純利益":"166019495608"}',
  '{"総資産":"5952359429969","流動資産":"2403738817634","固定資産":"3548620612335","負債":"3440006003019","純資産":"2512353426951","流動負債":"1480329304839","固定負債":"1959676698180","現金及び現金同等物":"123806882481","投資有価証券":"23637965393"}',
  '{"営業活動によるキャッシュ・フロー":"146053274593","投資活動によるキャッシュ・フロー":"-52475343526","財務活動によるキャッシュ・フロー":"88776988060","配当金の支払額":"-90871818518","現金及び現金同等物の期末残高":"123806882481"}',
  NULL
);

INSERT OR REPLACE INTO period_financials (
  edinet_code, sec_code, doc_id, doc_type, period_start, period_end, submit_date_time, filer_name,
  summary_json, pl_json, bs_json, cf_json, raw_tsv_path
) VALUES (
  'E00000', '9999', 'SAMPLE-ANNUAL-2022', 'annual',
  '2021-04-01', '2022-03-31', '2022-06-28T09:00:00Z', 'サンプル株式会社',
  '{"売上高":"1202074667221","経常利益":"232973823624","包括利益":"194872077305","親会社株主に帰属する当期純利益":"190119099809","純資産額":"2877049892153","総資産額":"6816411605287","１株当たり純資産額":"5765.63","１株当たり当期純利益又は当期純損失":"381.00","潜在株式調整後１株当たり当期純利益":"375.28","自己資本比率":"0.4221","自己資本利益率、経営指標等":"0.0661","株価収益率":"24.25","株価純資産倍率":"1.29","営業活動によるキャッシュ・フロー":"141190416830","投資活動によるキャッシュ・フロー":"-60092732103","財務活動によるキャッシュ・フロー":"101663970198","現金及び現金同等物の残高":"253523401326","従業員数":"20669","平均臨時雇用人員":"5751","配当性向":"0.5474","１株当たり配当額":"208.54","発行済株式総数（普通株式）":"499000000","資本金":"60103733361"}',
  '{"売上高":"1202074667221","売上原価":"920912372753","売上総利益又は売上総損失（△)":"281162294468","販売費及び一般管理費":"32567479079","営業利益":"248594815389","経常利益":"232973823624","税引前利益":"228314347152","親会社株主に帰属する当期純利益":"190119099809"}',
  '{"総資産":"6816411605287","流動資産":"2479179832713","固定資産":"4337231772575","負債":"3939361713134","純資産":"2877049892153","流動負債":"1526789238251","固定負債":"2412572474883","現金及び現金同等物":"253523401326","投資有価証券":"32443426575"}',
  '{"営業活動によるキャッシュ・フロー":"141190416830","投資活動によるキャッシュ・フロー":"-60092732103","財務活動によるキャッシュ・フロー":"101663970198","配当金の支払額":"-104062888949","現金及び現金同等物の期末残高":"253523401326"}',
  NULL
);

INSERT OR REPLACE INTO period_financials (
  edinet_code, sec_code, doc_id, doc_type, period_start, period_end, submit_date_time, filer_name,
  summary_json, pl_json, bs_json, cf_json, raw_tsv_path
) VALUES (
  'E00000', '9999', 'SAMPLE-ANNUAL-2023', 'annual',
  '2022-04-01', '2023-03-31', '2023-06-28T09:00:00Z', 'サンプル株式会社',
  '{"売上高":"1388311587494","経常利益":"274232104282","包括利益":"225063525901","親会社株主に帰属する当期純利益":"219574171611","純資産額":"3322790016290","総資産額":"7872475375121","１株当たり純資産額":"6658.90","１株当たり当期純利益又は当期純損失":"440.03","潜在株式調整後１株当たり当期純利益":"433.43","自己資本比率":"0.4221","自己資本利益率、経営指標等":"0.0661","株価収益率":"24.25","株価純資産倍率":"1.29","営業活動によるキャッシュ・フロー":"157435491241","投資活動によるキャッシュ・フロー":"-69402873696","財務活動によるキャッシュ・フロー":"117414726144","現金及び現金同等物の残高":"156001749607","従業員数":"20744","平均臨時雇用人員":"7194","配当性向":"0.5474","１株当たり配当額":"240.85","発行済株式総数（普通株式）":"499000000","資本金":"69415579375"}',
  '{"売上高":"1388311587494","売上原価":"1016644310192","売上総利益又は売上総損失（△)":"371667277303","販売費及び一般管理費":"84557772205","営業利益":"287109505098","経常利益":"274232104282","税引前利益":"268747462196","親会社株主に帰属する当期純利益":"219574171611"}',
  '{"総資産":"7872475375121","流動資産":"3960627705563","固定資産":"3911847669558","負債":"4549685358831","純資産":"3322790016290","流動負債":"2439130747105","固定負債":"2110554611726","現金及び現金同等物":"156001749607","投資有価証券":"61407787999"}',
  '{"営業活動によるキャッシュ・フロー":"157435491241","投資活動によるキャッシュ・フロー":"-69402873696","財務活動によるキャッシュ・フロー":"117414726144","配当金の支払額":"-120185308363","現金及び現金同等物の期末残高":"156001749607"}',
  NULL
);

INSERT OR REPLACE INTO period_financials (
  edinet_code, sec_code, doc_id, doc_type, period_start, period_end, submit_date_time, filer_name,
  summary_json, pl_json, bs_json, cf_json, raw_tsv_path
) VALUES (
  'E00000', '9999', 'SAMPLE-ANNUAL-2024', 'annual',
  '2023-04-01', '2024-03-31', '2024-06-28T09:00:00Z', 'サンプル株式会社',
  '{"売上高":"1540687249536","経常利益":"294938618978","包括利益":"249765620207","親会社株主に帰属する当期純利益":"243673775812","純資産額":"3687486481492","総資産額":"8736527550439","１株当たり純資産額":"7389.75","１株当たり当期純利益又は当期純損失":"488.32","潜在株式調整後１株当たり当期純利益":"481.00","自己資本比率":"0.4221","自己資本利益率、経営指標等":"0.0661","株価収益率":"24.25","株価純資産倍率":"1.29","営業活動によるキャッシュ・フロー":"261256108438","投資活動によるキャッシュ・フロー":"-77020262272","財務活動によるキャッシュ・フロー":"130301708282","現金及び現金同等物の残高":"268593522992","従業員数":"20806","平均臨時雇用人員":"3638","配当性向":"0.5474","１株当たり配当額":"267.29","発行済株式総数（普通株式）":"499000000","資本金":"77034362477"}',
  '{"売上高":"1540687249536","売上原価":"1159207677686","売上総利益又は売上総損失（△)":"381479571850","販売費及び一般管理費":"62858047901","営業利益":"318621523950","経常利益":"294938618978","税引前利益":"289039846599","親会社株主に帰属する当期純利益":"243673775812"}',
  '{"総資産":"8736527550439","流動資産":"2794038352020","固定資産":"5942489198419","負債":"5049041068947","純資産":"3687486481492","流動負債":"1720693122313","固定負債":"3328347946634","現金及び現金同等物":"268593522992","投資有価証券":"80598070365"}',
  '{"営業活動によるキャッシュ・フロー":"261256108438","投資活動によるキャッシュ・フロー":"-77020262272","財務活動によるキャッシュ・フロー":"130301708282","配当金の支払額":"-133376378793","現金及び現金同等物の期末残高":"268593522992"}',
  NULL
);

INSERT OR REPLACE INTO period_financials (
  edinet_code, sec_code, doc_id, doc_type, period_start, period_end, submit_date_time, filer_name,
  summary_json, pl_json, bs_json, cf_json, raw_tsv_path
) VALUES (
  'E00000', '9999', 'SAMPLE-ANNUAL-2025', 'annual',
  '2024-04-01', '2025-03-31', '2025-06-28T09:00:00Z', 'サンプル株式会社',
  '{"売上高":"1693062911578","経常利益":"337277776909","包括利益":"274467714513","親会社株主に帰属する当期純利益":"267773380013","純資産額":"4052182946695","総資産額":"9600579725757","１株当たり純資産額":"8120.61","１株当たり当期純利益又は当期純損失":"536.62","潜在株式調整後１株当たり当期純利益":"528.57","自己資本比率":"0.4221","自己資本利益率、経営指標等":"0.0661","株価収益率":"24.25","株価純資産倍率":"1.29","営業活動によるキャッシュ・フロー":"168712153757","投資活動によるキャッシュ・フロー":"-84637650849","財務活動によるキャッシュ・フロー":"143188690420","現金及び現金同等物の残高":"122234614986","従業員数":"20868","平均臨時雇用人員":"5645","配当性向":"0.5474","１株当たり配当額":"293.72","発行済株式総数（普通株式）":"499000000","資本金":"84653145579"}',
  '{"売上高":"1693062911578","売上原価":"1232069648997","売上総利益又は売上総損失（△)":"460993262582","販売費及び一般管理費":"110859719780","営業利益":"350133542802","経常利益":"337277776909","税引前利益":"330532221371","親会社株主に帰属する当期純利益":"267773380013"}',
  '{"総資産":"9600579725757","流動資産":"3273483977805","固定資産":"6327095747952","負債":"5548396779062","純資産":"4052182946695","流動負債":"2015957068928","固定負債":"3532439710135","現金及び現金同等物":"122234614986","投資有価証券":"92365737568"}',
  '{"営業活動によるキャッシュ・フロー":"168712153757","投資活動によるキャッシュ・フロー":"-84637650849","財務活動によるキャッシュ・フロー":"143188690420","配当金の支払額":"-146567449223","現金及び現金同等物の期末残高":"122234614986"}',
  NULL
);

INSERT OR REPLACE INTO period_financials (
  edinet_code, sec_code, doc_id, doc_type, period_start, period_end, submit_date_time, filer_name,
  summary_json, pl_json, bs_json, cf_json, raw_tsv_path
) VALUES (
  'E00000', '9999', 'SAMPLE-Q1-2021', 'quarterly',
  '2020-04-01', '2020-06-30', '2020-10-15T09:00:00Z', 'サンプル株式会社',
  '{"売上高":"923735124557","経常利益":"178599571267","包括利益":"149749585039","親会社株主に帰属する当期純利益":"146097156135","純資産額":"2210871015717","総資産額":"5238076298373","１株当たり純資産額":"4430.60","１株当たり当期純利益又は当期純損失":"292.78","潜在株式調整後１株当たり当期純利益":"288.39","自己資本比率":"0.4221","自己資本利益率、経営指標等":"0.0661","株価収益率":"24.25","株価純資産倍率":"1.29","営業活動によるキャッシュ・フロー":"120312165112","投資活動によるキャッシュ・フロー":"-46178302303","財務活動によるキャッシュ・フロー":"78123749493","現金及び現金同等物の残高":"171216938840","従業員数":"20556","平均臨時雇用人員":"3389","配当性向":"0.5474","１株当たり配当額":"160.25","発行済株式総数（普通株式）":"499000000","資本金":"46186756228"}',
  '{"売上高":"923735124557","売上原価":"682182437662","売上総利益又は売上総損失（△)":"241552686895","販売費及び一般管理費":"50519825942","営業利益":"191032860953","経常利益":"178599571267","税引前利益":"175027579841","親会社株主に帰属する当期純利益":"146097156135"}',
  '{"総資産":"5238076298373","流動資産":"2469242307903","固定資産":"2768833990470","負債":"3027205282656","純資産":"2210871015717","流動負債":"1520669268358","固定負債":"1506536014298","現金及び現金同等物":"171216938840","投資有価証券":"21487266064"}',
  '{"営業活動によるキャッシュ・フロー":"120312165112","投資活動によるキャッシュ・フロー":"-46178302303","財務活動によるキャッシュ・フロー":"78123749493","配当金の支払額":"-79967200296","現金及び現金同等物の期末残高":"171216938840"}',
  NULL
);

INSERT OR REPLACE INTO period_financials (
  edinet_code, sec_code, doc_id, doc_type, period_start, period_end, submit_date_time, filer_name,
  summary_json, pl_json, bs_json, cf_json, raw_tsv_path
) VALUES (
  'E00000', '9999', 'SAMPLE-Q2-2021', 'quarterly',
  '2020-07-01', '2020-09-30', '2020-13-15T09:00:00Z', 'サンプル株式会社',
  '{"売上高":"1007711044971","経常利益":"199375172804","包括利益":"163363183678","親会社株主に帰属する当期純利益":"159378715784","純資産額":"2411859289873","総資産額":"5714265052770","１株当たり純資産額":"4833.39","１株当たり当期純利益又は当期純損失":"319.40","潜在株式調整後１株当たり当期純利益":"314.61","自己資本比率":"0.4221","自己資本利益率、経営指標等":"0.0661","株価収益率":"24.25","株価純資産倍率":"1.29","営業活動によるキャッシュ・フロー":"115424647786","投資活動によるキャッシュ・フロー":"-50376329785","財務活動によるキャッシュ・フロー":"85225908538","現金及び現金同等物の残高":"154045131601","従業員数":"20590","平均臨時雇用人員":"4423","配当性向":"0.5474","１株当たり配当額":"174.82","発行済株式総数（普通株式）":"499000000","資本金":"50385552249"}',
  '{"売上高":"1007711044971","売上原価":"766775383446","売上総利益又は売上総損失（△)":"240935661526","販売費及び一般管理費":"32536176850","営業利益":"208399484676","経常利益":"199375172804","税引前利益":"195387669348","親会社株主に帰属する当期純利益":"159378715784"}',
  '{"総資産":"5714265052770","流動資産":"2737085584808","固定資産":"2977179467963","負債":"3302405762898","純資産":"2411859289873","流動負債":"1685619074468","固定負債":"1616786688430","現金及び現金同等物":"154045131601","投資有価証券":"12427928437"}',
  '{"営業活動によるキャッシュ・フロー":"115424647786","投資活動によるキャッシュ・フロー":"-50376329785","財務活動によるキャッシュ・フロー":"85225908538","配当金の支払額":"-87236945778","現金及び現金同等物の期末残高":"154045131601"}',
  NULL
);

INSERT OR REPLACE INTO period_financials (
  edinet_code, sec_code, doc_id, doc_type, period_start, period_end, submit_date_time, filer_name,
  summary_json, pl_json, bs_json, cf_json, raw_tsv_path
) VALUES (
  'E00000', '9999', 'SAMPLE-Q3-2021', 'quarterly',
  '2020-10-01', '2020-12-31', '2020-16-15T09:00:00Z', 'サンプル株式会社',
  '{"売上高":"1091686965386","経常利益":"221711992528","包括利益":"176976782318","親会社株主に帰属する当期純利益":"172660275432","純資産額":"2612847564029","総資産額":"6190453807168","１株当たり純資産額":"5236.17","１株当たり当期純利益又は当期純損失":"346.01","潜在株式調整後１株当たり当期純利益":"340.82","自己資本比率":"0.4221","自己資本利益率、経営指標等":"0.0661","株価収益率":"24.25","株価純資産倍率":"1.29","営業活動によるキャッシュ・フロー":"174328630799","投資活動によるキャッシュ・フロー":"-54574357267","財務活動によるキャッシュ・フロー":"92328067583","現金及び現金同等物の残高":"178772548934","従業員数":"20624","平均臨時雇用人員":"6844","配当性向":"0.5474","１株当たり配当額":"189.39","発行済株式総数（普通株式）":"499000000","資本金":"54584348269"}',
  '{"売上高":"1091686965386","売上原価":"805501487553","売上総利益又は売上総損失（△)":"286185477833","販売費及び一般管理費":"60419369434","営業利益":"225766108399","経常利益":"221711992528","税引前利益":"217277752677","親会社株主に帰属する当期純利益":"172660275432"}',
  '{"総資産":"6190453807168","流動資産":"2671690289377","固定資産":"3518763517791","負債":"3577606243139","純資産":"2612847564029","流動負債":"1645345742143","固定負債":"1932260500996","現金及び現金同等物":"178772548934","投資有価証券":"80767926023"}',
  '{"営業活動によるキャッシュ・フロー":"174328630799","投資活動によるキャッシュ・フロー":"-54574357267","財務活動によるキャッシュ・フロー":"92328067583","配当金の支払額":"-94506691259","現金及び現金同等物の期末残高":"178772548934"}',
  NULL
);

INSERT OR REPLACE INTO period_financials (
  edinet_code, sec_code, doc_id, doc_type, period_start, period_end, submit_date_time, filer_name,
  summary_json, pl_json, bs_json, cf_json, raw_tsv_path
) VALUES (
  'E00000', '9999', 'SAMPLE-Q4-2021', 'quarterly',
  '2021-01-01', '2021-03-31', '2021-05-15T09:00:00Z', 'サンプル株式会社',
  '{"売上高":"1175662885800","経常利益":"232343698322","包括利益":"190590380958","親会社株主に帰属する当期純利益":"185941835081","純資産額":"2813835838185","総資産額":"6666642561566","１株当たり純資産額":"5638.95","１株当たり当期純利益又は当期純損失":"372.63","潜在株式調整後１株当たり当期純利益":"367.04","自己資本比率":"0.4221","自己資本利益率、経営指標等":"0.0661","株価収益率":"24.25","株価純資産倍率":"1.29","営業活動によるキャッシュ・フロー":"164972403824","投資活動によるキャッシュ・フロー":"-58772384749","財務活動によるキャッシュ・フロー":"99430226628","現金及び現金同等物の残高":"250590444109","従業員数":"20658","平均臨時雇用人員":"6598","配当性向":"0.5474","１株当たり配当額":"203.96","発行済株式総数（普通株式）":"499000000","資本金":"58783144290"}',
  '{"売上高":"1175662885800","売上原価":"907456285936","売上総利益又は売上総損失（△)":"268206599864","販売費及び一般管理費":"25073867742","営業利益":"243132732122","経常利益":"232343698322","税引前利益":"227696824356","親会社株主に帰属する当期純利益":"185941835081"}',
  '{"総資産":"6666642561566","流動資産":"3318120040492","固定資産":"3348522521073","負債":"3852806723381","純資産":"2813835838185","流動負債":"2043445942163","固定負債":"1809360781218","現金及び現金同等物":"250590444109","投資有価証券":"58340478014"}',
  '{"営業活動によるキャッシュ・フロー":"164972403824","投資活動によるキャッシュ・フロー":"-58772384749","財務活動によるキャッシュ・フロー":"99430226628","配当金の支払額":"-101776436741","現金及び現金同等物の期末残高":"250590444109"}',
  NULL
);

INSERT OR REPLACE INTO period_financials (
  edinet_code, sec_code, doc_id, doc_type, period_start, period_end, submit_date_time, filer_name,
  summary_json, pl_json, bs_json, cf_json, raw_tsv_path
) VALUES (
  'E00000', '9999', 'SAMPLE-Q1-2022', 'quarterly',
  '2021-04-01', '2021-06-30', '2021-10-15T09:00:00Z', 'サンプル株式会社',
  '{"売上高":"1057825707154","経常利益":"206779601224","包括利益":"171487428028","親会社株主に帰属する当期純利益":"167304807832","純資産額":"2531803905095","総資産額":"5998442212653","１株当たり純資産額":"5073.76","１株当たり当期純利益又は当期純損失":"335.28","潜在株式調整後１株当たり当期純利益":"330.25","自己資本比率":"0.4221","自己資本利益率、経営指標等":"0.0661","株価収益率":"24.25","株価純資産倍率":"1.29","営業活動によるキャッシュ・フロー":"104717333861","投資活動によるキャッシュ・フロー":"-52881604250","財務活動によるキャッシュ・フロー":"89464293774","現金及び現金同等物の残高":"93668546579","従業員数":"20610","平均臨時雇用人員":"5878","配当性向":"0.5474","１株当たり配当額":"183.52","発行済株式総数（普通株式）":"499000000","資本金":"52891285358"}',
  '{"売上高":"1057825707154","売上原価":"786591056710","売上総利益又は売上総損失（△)":"271234650444","販売費及び一般管理費":"52471212901","営業利益":"218763437543","経常利益":"206779601224","税引前利益":"202644009200","親会社株主に帰属する当期純利益":"167304807832"}',
  '{"総資産":"5998442212653","流動資産":"1982419089799","固定資産":"4016023122854","負債":"3466638307558","純資産":"2531803905095","流動負債":"1220861872169","固定負債":"2245776435389","現金及び現金同等物":"93668546579","投資有価証券":"73780510090"}',
  '{"営業活動によるキャッシュ・フロー":"104717333861","投資活動によるキャッシュ・フロー":"-52881604250","財務活動によるキャッシュ・フロー":"89464293774","配当金の支払額":"-91575342275","現金及び現金同等物の期末残高":"93668546579"}',
  NULL
);

INSERT OR REPLACE INTO period_financials (
  edinet_code, sec_code, doc_id, doc_type, period_start, period_end, submit_date_time, filer_name,
  summary_json, pl_json, bs_json, cf_json, raw_tsv_path
) VALUES (
  'E00000', '9999', 'SAMPLE-Q2-2022', 'quarterly',
  '2021-07-01', '2021-09-30', '2021-13-15T09:00:00Z', 'サンプル株式会社',
  '{"売上高":"1153991680532","経常利益":"228459024800","包括利益":"187077194212","親会社株主に帰属する当期純利益":"182514335817","純資産額":"2761967896467","総資産額":"6543755141076","１株当たり純資産額":"5535.01","１株当たり当期純利益又は当期純損失":"365.76","潜在株式調整後１株当たり当期純利益":"360.27","自己資本比率":"0.4221","自己資本利益率、経営指標等":"0.0661","株価収益率":"24.25","株価純資産倍率":"1.29","営業活動によるキャッシュ・フロー":"155608852186","投資活動によるキャッシュ・フロー":"-57689022819","財務活動によるキャッシュ・フロー":"97597411390","現金及び現金同等物の残高":"167492103976","従業員数":"20649","平均臨時雇用人員":"6486","配当性向":"0.5474","１株当たり配当額":"200.20","発行済株式総数（普通株式）":"499000000","資本金":"57699584027"}',
  '{"売上高":"1153991680532","売上原価":"832726520684","売上総利益又は売上総損失（△)":"321265159848","販売費及び一般管理費":"82614137074","営業利益":"238651022774","経常利益":"228459024800","税引前利益":"223889844304","親会社株主に帰属する当期純利益":"182514335817"}',
  '{"総資産":"6543755141076","流動資産":"3198735976540","固定資産":"3345019164536","負債":"3781787244609","純資産":"2761967896467","流動負債":"1969923924254","固定負債":"1811863320355","現金及び現金同等物":"167492103976","投資有価証券":"14701978513"}',
  '{"営業活動によるキャッシュ・フロー":"155608852186","投資活動によるキャッシュ・フロー":"-57689022819","財務活動によるキャッシュ・フロー":"97597411390","配当金の支払額":"-99900373391","現金及び現金同等物の期末残高":"167492103976"}',
  NULL
);

INSERT OR REPLACE INTO period_financials (
  edinet_code, sec_code, doc_id, doc_type, period_start, period_end, submit_date_time, filer_name,
  summary_json, pl_json, bs_json, cf_json, raw_tsv_path
) VALUES (
  'E00000', '9999', 'SAMPLE-Q3-2022', 'quarterly',
  '2021-10-01', '2021-12-31', '2021-16-15T09:00:00Z', 'サンプル株式会社',
  '{"売上高":"1250157653910","経常利益":"248815487856","包括利益":"202666960397","親会社株主に帰属する当期純利益":"197723863802","純資産額":"2992131887839","総資産額":"7089068069499","１株当たり純資産額":"5996.26","１株当たり当期純利益又は当期純損失":"396.24","潜在株式調整後１株当たり当期純利益":"390.30","自己資本比率":"0.4221","自己資本利益率、経営指標等":"0.0661","株価収益率":"24.25","株価純資産倍率":"1.29","営業活動によるキャッシュ・フロー":"135275407189","投資活動によるキャッシュ・フロー":"-62496441387","財務活動によるキャッシュ・フロー":"105730529006","現金及び現金同等物の残高":"270718395205","従業員数":"20688","平均臨時雇用人員":"3560","配当性向":"0.5474","１株当たり配当額":"216.88","発行済株式総数（普通株式）":"499000000","資本金":"62507882695"}',
  '{"売上高":"1250157653910","売上原価":"955353884907","売上総利益又は売上総損失（△)":"294803769002","販売費及び一般管理費":"36265160998","営業利益":"258538608005","経常利益":"248815487856","税引前利益":"243839178099","親会社株主に帰属する当期純利益":"197723863802"}',
  '{"総資産":"7089068069499","流動資産":"2509840596171","固定資産":"4579227473327","負債":"4096936181660","純資産":"2992131887839","流動負債":"1545671500468","固定負債":"2551264681191","現金及び現金同等物":"270718395205","投資有価証券":"60294691429"}',
  '{"営業活動によるキャッシュ・フロー":"135275407189","投資活動によるキャッシュ・フロー":"-62496441387","財務活動によるキャッシュ・フロー":"105730529006","配当金の支払額":"-108225404506","現金及び現金同等物の期末残高":"270718395205"}',
  NULL
);

INSERT OR REPLACE INTO period_financials (
  edinet_code, sec_code, doc_id, doc_type, period_start, period_end, submit_date_time, filer_name,
  summary_json, pl_json, bs_json, cf_json, raw_tsv_path
) VALUES (
  'E00000', '9999', 'SAMPLE-Q4-2022', 'quarterly',
  '2022-01-01', '2022-03-31', '2022-05-15T09:00:00Z', 'サンプル株式会社',
  '{"売上高":"1346323627287","経常利益":"265892917996","包括利益":"218256726581","親会社株主に帰属する当期純利益":"212933391786","純資産額":"3222295879212","総資産額":"7634380997922","１株当たり純資産額":"6457.51","１株当たり当期純利益又は当期純損失":"426.72","潜在株式調整後１株当たり当期純利益":"420.32","自己資本比率":"0.4221","自己資本利益率、経営指標等":"0.0661","株価収益率":"24.25","株価純資産倍率":"1.29","営業活動によるキャッシュ・フロー":"228736232737","投資活動によるキャッシュ・フロー":"-67303859955","財務活動によるキャッシュ・フロー":"113863646622","現金及び現金同等物の残高":"192894596801","従業員数":"20727","平均臨時雇用人員":"6363","配当性向":"0.5474","１株当たり配当額":"233.57","発行済株式総数（普通株式）":"499000000","資本金":"67316181364"}',
  '{"売上高":"1346323627287","売上原価":"1002927902632","売上総利益又は売上総損失（△)":"343395724655","販売費及び一般管理費":"64969531419","営業利益":"278426193236","経常利益":"265892917996","税引前利益":"260575059636","親会社株主に帰属する当期純利益":"212933391786"}',
  '{"総資産":"7634380997922","流動資産":"2672045643577","固定資産":"4962335354345","負債":"4412085118710","純資産":"3222295879212","流動負債":"1645564585069","固定負債":"2766520533642","現金及び現金同等物":"192894596801","投資有価証券":"89995376093"}',
  '{"営業活動によるキャッシュ・フロー":"228736232737","投資活動によるキャッシュ・フロー":"-67303859955","財務活動によるキャッシュ・フロー":"113863646622","配当金の支払額":"-116550435622","現金及び現金同等物の期末残高":"192894596801"}',
  NULL
);

INSERT OR REPLACE INTO period_financials (
  edinet_code, sec_code, doc_id, doc_type, period_start, period_end, submit_date_time, filer_name,
  summary_json, pl_json, bs_json, cf_json, raw_tsv_path
) VALUES (
  'E00000', '9999', 'SAMPLE-Q1-2023', 'quarterly',
  '2022-04-01', '2022-06-30', '2022-10-15T09:00:00Z', 'サンプル株式会社',
  '{"売上高":"1221714196995","経常利益":"243490326787","包括利益":"198055902793","親会社株主に帰属する当期純利益":"193225271017","純資産額":"2924055214335","総資産額":"6927778330106","１株当たり純資産額":"5859.83","１株当たり当期純利益又は当期純損失":"387.22","潜在株式調整後１株当たり当期純利益":"381.41","自己資本比率":"0.4221","自己資本利益率、経営指標等":"0.0661","株価収益率":"24.25","株価純資産倍率":"1.29","営業活動によるキャッシュ・フロー":"214229653131","投資活動によるキャッシュ・フロー":"-61074528852","財務活動によるキャッシュ・フロー":"103324959007","現金及び現金同等物の残高":"219122750687","従業員数":"20677","平均臨時雇用人員":"7089","配当性向":"0.5474","１株当たり配当額":"211.95","発行済株式総数（普通株式）":"499000000","資本金":"61085709850"}',
  '{"売上高":"1221714196995","売上原価":"872035495879","売上総利益又は売上総損失（△)":"349678701116","販売費及び一般管理費":"97022336630","営業利益":"252656364486","経常利益":"243490326787","税引前利益":"238620520251","親会社株主に帰属する当期純利益":"193225271017"}',
  '{"総資産":"6927778330106","流動資産":"2363617513709","固定資産":"4564160816397","負債":"4003723115771","純資産":"2924055214335","流動負債":"1455620820908","固定負債":"2548102294863","現金及び現金同等物":"219122750687","投資有価証券":"64535393515"}',
  '{"営業活動によるキャッシュ・フロー":"214229653131","投資活動によるキャッシュ・フロー":"-61074528852","財務活動によるキャッシュ・フロー":"103324959007","配当金の支払額":"-105763071360","現金及び現金同等物の期末残高":"219122750687"}',
  NULL
);

INSERT OR REPLACE INTO period_financials (
  edinet_code, sec_code, doc_id, doc_type, period_start, period_end, submit_date_time, filer_name,
  summary_json, pl_json, bs_json, cf_json, raw_tsv_path
) VALUES (
  'E00000', '9999', 'SAMPLE-Q2-2023', 'quarterly',
  '2022-07-01', '2022-09-30', '2022-13-15T09:00:00Z', 'サンプル株式会社',
  '{"売上高":"1332779123995","経常利益":"257038371448","包括利益":"216060984865","親会社株主に帰属する当期純利益":"210791204746","純資産額":"3189878415638","総資産額":"7557576360116","１株当たり純資産額":"6392.54","１株当たり当期純利益又は当期純損失":"422.43","潜在株式調整後１株当たり当期純利益":"416.09","自己資本比率":"0.4221","自己資本利益率、経営指標等":"0.0661","株価収益率":"24.25","株価純資産倍率":"1.29","営業活動によるキャッシュ・フロー":"224735053501","投資活動によるキャッシュ・フロー":"-66626758748","財務活動によるキャッシュ・フロー":"112718137099","現金及び現金同等物の残高":"101143299665","従業員数":"20722","平均臨時雇用人員":"7137","配当性向":"0.5474","１株当たり配当額":"231.22","発行済株式総数（普通株式）":"499000000","資本金":"66638956200"}',
  '{"売上高":"1332779123995","売上原価":"1019790608867","売上総利益又は売上総損失（△)":"312988515128","販売費及び一般管理費":"37363390234","営業利益":"275625124894","経常利益":"257038371448","税引前利益":"251897604019","親会社株主に帰属する当期純利益":"210791204746"}',
  '{"総資産":"7557576360116","流動資産":"3116086226782","固定資産":"4441490133334","負債":"4367697944478","純資産":"3189878415638","流動負債":"1919024531313","固定負債":"2448673413165","現金及び現金同等物":"101143299665","投資有価証券":"62854811050"}',
  '{"営業活動によるキャッシュ・フロー":"224735053501","投資活動によるキャッシュ・フロー":"-66626758748","財務活動によるキャッシュ・フロー":"112718137099","配当金の支払額":"-115377896029","現金及び現金同等物の期末残高":"101143299665"}',
  NULL
);

INSERT OR REPLACE INTO period_financials (
  edinet_code, sec_code, doc_id, doc_type, period_start, period_end, submit_date_time, filer_name,
  summary_json, pl_json, bs_json, cf_json, raw_tsv_path
) VALUES (
  'E00000', '9999', 'SAMPLE-Q3-2023', 'quarterly',
  '2022-10-01', '2022-12-31', '2022-16-15T09:00:00Z', 'サンプル株式会社',
  '{"売上高":"1443844050994","経常利益":"285305543653","包括利益":"234066066937","親会社株主に帰属する当期純利益":"228357138475","純資産額":"3455701616941","総資産額":"8187374390125","１株当たり純資産額":"6925.25","１株当たり当期純利益又は当期純損失":"457.63","潜在株式調整後１株当たり当期純利益":"450.77","自己資本比率":"0.4221","自己資本利益率、経営指標等":"0.0661","株価収益率":"24.25","株価純資産倍率":"1.29","営業活動によるキャッシュ・フロー":"222675507964","投資活動によるキャッシュ・フロー":"-72178988644","財務活動によるキャッシュ・フロー":"122111315190","現金及び現金同等物の残高":"187597523449","従業員数":"20767","平均臨時雇用人員":"6418","配当性向":"0.5474","１株当たり配当額":"250.49","発行済株式総数（普通株式）":"499000000","資本金":"72192202550"}',
  '{"売上高":"1443844050994","売上原価":"1032349719579","売上総利益又は売上総損失（△)":"411494331415","販売費及び一般管理費":"112900446113","営業利益":"298593885302","経常利益":"285305543653","税引前利益":"279599432780","親会社株主に帰属する当期純利益":"228357138475"}',
  '{"総資産":"8187374390125","流動資産":"4448848866878","固定資産":"3738525523247","負債":"4731672773184","純資産":"3455701616941","流動負債":"2739799058918","固定負債":"1991873714266","現金及び現金同等物":"187597523449","投資有価証券":"104999994488"}',
  '{"営業活動によるキャッシュ・フロー":"222675507964","投資活動によるキャッシュ・フロー":"-72178988644","財務活動によるキャッシュ・フロー":"122111315190","配当金の支払額":"-124992720698","現金及び現金同等物の期末残高":"187597523449"}',
  NULL
);

INSERT OR REPLACE INTO period_financials (
  edinet_code, sec_code, doc_id, doc_type, period_start, period_end, submit_date_time, filer_name,
  summary_json, pl_json, bs_json, cf_json, raw_tsv_path
) VALUES (
  'E00000', '9999', 'SAMPLE-Q4-2023', 'quarterly',
  '2023-01-01', '2023-03-31', '2023-05-15T09:00:00Z', 'サンプル株式会社',
  '{"売上高":"1554908977994","経常利益":"306219206024","包括利益":"252071149009","親会社株主に帰属する当期純利益":"245923072204","純資産額":"3721524818244","総資産額":"8817172420135","１株当たり純資産額":"7457.97","１株当たり当期純利益又は当期純損失":"492.83","潜在株式調整後１株当たり当期純利益":"485.44","自己資本比率":"0.4221","自己資本利益率、経営指標等":"0.0661","株価収益率":"24.25","株価純資産倍率":"1.29","営業活動によるキャッシュ・フロー":"184395612780","投資活動によるキャッシュ・フロー":"-77731218540","財務活動によるキャッシュ・フロー":"131504493282","現金及び現金同等物の残高":"142424136238","従業員数":"20812","平均臨時雇用人員":"5971","配当性向":"0.5474","１株当たり配当額":"269.75","発行済株式総数（普通株式）":"499000000","資本金":"77745448900"}',
  '{"売上高":"1554908977994","売上原価":"1179500235152","売上総利益又は売上総損失（△)":"375408742842","販売費及び一般管理費":"53846097133","営業利益":"321562645709","経常利益":"306219206024","税引前利益":"300094821904","親会社株主に帰属する当期純利益":"245923072204"}',
  '{"総資産":"8817172420135","流動資産":"4447420783387","固定資産":"4369751636748","負債":"5095647601891","純資産":"3721524818244","流動負債":"2738919581570","固定負債":"2356728020321","現金及び現金同等物":"142424136238","投資有価証券":"103280763099"}',
  '{"営業活動によるキャッシュ・フロー":"184395612780","投資活動によるキャッシュ・フロー":"-77731218540","財務活動によるキャッシュ・フロー":"131504493282","配当金の支払額":"-134607545367","現金及び現金同等物の期末残高":"142424136238"}',
  NULL
);

INSERT OR REPLACE INTO period_financials (
  edinet_code, sec_code, doc_id, doc_type, period_start, period_end, submit_date_time, filer_name,
  summary_json, pl_json, bs_json, cf_json, raw_tsv_path
) VALUES (
  'E00000', '9999', 'SAMPLE-Q1-2024', 'quarterly',
  '2023-04-01', '2023-06-30', '2023-10-15T09:00:00Z', 'サンプル株式会社',
  '{"売上高":"1355804779592","経常利益":"275229870446","包括利益":"219793745782","親会社株主に帰属する当期純利益":"214432922714","純資産額":"3244988103713","総資産額":"7688144244386","１株当たり純資産額":"6502.98","１株当たり当期純利益又は当期純損失":"429.73","潜在株式調整後１株当たり当期純利益":"423.28","自己資本比率":"0.4221","自己資本利益率、経営指標等":"0.0661","株価収益率":"24.25","株価純資産倍率":"1.29","営業活動によるキャッシュ・フロー":"147522420391","投資活動によるキャッシュ・フロー":"-67777830800","財務活動によるキャッシュ・フロー":"114665503288","現金及び現金同等物の残高":"198618005615","従業員数":"20731","平均臨時雇用人員":"5733","配当性向":"0.5474","１株当たり配当額":"235.21","発行済株式総数（普通株式）":"499000000","資本金":"67790238980"}',
  '{"売上高":"1355804779592","売上原価":"988579628408","売上総利益又は売上総損失（△)":"367225151184","販売費及び一般管理費":"86838210108","営業利益":"280386941076","経常利益":"275229870446","税引前利益":"269725273037","親会社株主に帰属する当期純利益":"214432922714"}',
  '{"総資産":"7688144244386","流動資産":"2501742391370","固定資産":"5186401853016","負債":"4443156140673","純資産":"3244988103713","流動負債":"1540684265667","固定負債":"2902471875006","現金及び現金同等物":"198618005615","投資有価証券":"64901402501"}',
  '{"営業活動によるキャッシュ・フロー":"147522420391","投資活動によるキャッシュ・フロー":"-67777830800","財務活動によるキャッシュ・フロー":"114665503288","配当金の支払額":"-117371213338","現金及び現金同等物の期末残高":"198618005615"}',
  NULL
);

INSERT OR REPLACE INTO period_financials (
  edinet_code, sec_code, doc_id, doc_type, period_start, period_end, submit_date_time, filer_name,
  summary_json, pl_json, bs_json, cf_json, raw_tsv_path
) VALUES (
  'E00000', '9999', 'SAMPLE-Q2-2024', 'quarterly',
  '2023-07-01', '2023-09-30', '2023-13-15T09:00:00Z', 'サンプル株式会社',
  '{"売上高":"1479059759555","経常利益":"285038496424","包括利益":"239774995399","親会社株主に帰属する当期純利益":"233926824779","純資産額":"3539987022232","総資産額":"8387066448421","１株当たり純資産額":"7094.16","１株当たり当期純利益又は当期純損失":"468.79","潜在株式調整後１株当たり当期純利益":"461.76","自己資本比率":"0.4221","自己資本利益率、経営指標等":"0.0661","株価収益率":"24.25","株価純資産倍率":"1.29","営業活動によるキャッシュ・フロー":"184052059959","投資活動によるキャッシュ・フロー":"-73939451781","財務活動によるキャッシュ・フロー":"125089639951","現金及び現金同等物の残高":"255122469658","従業員数":"20781","平均臨時雇用人員":"7157","配当性向":"0.5474","１株当たり配当額":"256.60","発行済株式総数（普通株式）":"499000000","資本金":"73952987978"}',
  '{"売上高":"1479059759555","売上原価":"1140458046324","売上総利益又は売上総損失（△)":"338601713231","販売費及び一般管理費":"32725050239","営業利益":"305876662992","経常利益":"285038496424","税引前利益":"279337726495","親会社株主に帰属する当期純利益":"233926824779"}',
  '{"総資産":"8387066448421","流動資産":"4503167688916","固定資産":"3883898759505","負債":"4847079426189","純資産":"3539987022232","流動負債":"2773251006142","固定負債":"2073828420047","現金及び現金同等物":"255122469658","投資有価証券":"49120801558"}',
  '{"営業活動によるキャッシュ・フロー":"184052059959","投資活動によるキャッシュ・フロー":"-73939451781","財務活動によるキャッシュ・フロー":"125089639951","配当金の支払額":"-128041323641","現金及び現金同等物の期末残高":"255122469658"}',
  NULL
);

INSERT OR REPLACE INTO period_financials (
  edinet_code, sec_code, doc_id, doc_type, period_start, period_end, submit_date_time, filer_name,
  summary_json, pl_json, bs_json, cf_json, raw_tsv_path
) VALUES (
  'E00000', '9999', 'SAMPLE-Q3-2024', 'quarterly',
  '2023-10-01', '2023-12-31', '2023-16-15T09:00:00Z', 'サンプル株式会社',
  '{"売上高":"1602314739518","経常利益":"312317416790","包括利益":"259756245015","親会社株主に帰属する当期純利益":"253420726844","純資産額":"3834985940752","総資産額":"9085988652456","１株当たり純資産額":"7685.34","１株当たり当期純利益又は当期純損失":"507.86","潜在株式調整後１株当たり当期純利益":"500.24","自己資本比率":"0.4221","自己資本利益率、経営指標等":"0.0661","株価収益率":"24.25","株価純資産倍率":"1.29","営業活動によるキャッシュ・フロー":"202202102291","投資活動によるキャッシュ・フロー":"-80101072763","財務活動によるキャッシュ・フロー":"135513776614","現金及び現金同等物の残高":"116932809116","従業員数":"20831","平均臨時雇用人員":"6487","配当性向":"0.5474","１株当たり配当額":"277.98","発行済株式総数（普通株式）":"499000000","資本金":"80115736976"}',
  '{"売上高":"1602314739518","売上原価":"1205325303665","売上総利益又は売上総損失（△)":"396989435853","販売費及び一般管理費":"65623050945","営業利益":"331366384908","経常利益":"312317416790","税引前利益":"306071068454","親会社株主に帰属する当期純利益":"253420726844"}',
  '{"総資産":"9085988652456","流動資産":"3960326114689","固定資産":"5125662537767","負債":"5251002711704","純資産":"3834985940752","流動負債":"2438945014027","固定負債":"2812057697677","現金及び現金同等物":"116932809116","投資有価証券":"21821442406"}',
  '{"営業活動によるキャッシュ・フロー":"202202102291","投資活動によるキャッシュ・フロー":"-80101072763","財務活動によるキャッシュ・フロー":"135513776614","配当金の支払額":"-138711433945","現金及び現金同等物の期末残高":"116932809116"}',
  NULL
);

INSERT OR REPLACE INTO period_financials (
  edinet_code, sec_code, doc_id, doc_type, period_start, period_end, submit_date_time, filer_name,
  summary_json, pl_json, bs_json, cf_json, raw_tsv_path
) VALUES (
  'E00000', '9999', 'SAMPLE-Q4-2024', 'quarterly',
  '2024-01-01', '2024-03-31', '2024-05-15T09:00:00Z', 'サンプル株式会社',
  '{"売上高":"1725569719481","経常利益":"345689738068","包括利益":"279737494632","親会社株主に帰属する当期純利益":"272914628909","純資産額":"4129984859271","総資産額":"9784910856491","１株当たり純資産額":"8276.52","１株当たり当期純利益又は当期純損失":"546.92","潜在株式調整後１株当たり当期純利益":"538.72","自己資本比率":"0.4221","自己資本利益率、経営指標等":"0.0661","株価収益率":"24.25","株価純資産倍率":"1.29","営業活動によるキャッシュ・フロー":"201800356630","投資活動によるキャッシュ・フロー":"-86262693745","財務活動によるキャッシュ・フロー":"145937913276","現金及び現金同等物の残高":"131010140632","従業員数":"20881","平均臨時雇用人員":"3630","配当性向":"0.5474","１株当たり配当額":"299.36","発行済株式総数（普通株式）":"499000000","資本金":"86278485974"}',
  '{"売上高":"1725569719481","売上原価":"1254015922440","売上総利益又は売上総損失（△)":"471553797041","販売費及び一般管理費":"114697690217","営業利益":"356856106824","経常利益":"345689738068","税引前利益":"338775943306","親会社株主に帰属する当期純利益":"272914628909"}',
  '{"総資産":"9784910856491","流動資産":"4916836008699","固定資産":"4868074847793","負債":"5654925997220","純資産":"4129984859271","流動負債":"3028006361326","固定負債":"2626919635894","現金及び現金同等物":"131010140632","投資有価証券":"30674137828"}',
  '{"営業活動によるキャッシュ・フロー":"201800356630","投資活動によるキャッシュ・フロー":"-86262693745","財務活動によるキャッシュ・フロー":"145937913276","配当金の支払額":"-149381544248","現金及び現金同等物の期末残高":"131010140632"}',
  NULL
);

INSERT OR REPLACE INTO period_financials (
  edinet_code, sec_code, doc_id, doc_type, period_start, period_end, submit_date_time, filer_name,
  summary_json, pl_json, bs_json, cf_json, raw_tsv_path
) VALUES (
  'E00000', '9999', 'SAMPLE-Q1-2025', 'quarterly',
  '2024-04-01', '2024-06-30', '2024-10-15T09:00:00Z', 'サンプル株式会社',
  '{"売上高":"1489895362189","経常利益":"299723849684","包括利益":"241531588772","親会社株主に帰属する当期純利益":"235640574412","純資産額":"3565920993091","総資産額":"8448510158666","１株当たり純資産額":"7146.13","１株当たり当期純利益又は当期純損失":"472.23","潜在株式調整後１株当たり当期純利益":"465.15","自己資本比率":"0.4221","自己資本利益率、経営指標等":"0.0661","株価収益率":"24.25","株価純資産倍率":"1.29","営業活動によるキャッシュ・フロー":"149499701984","投資活動によるキャッシュ・フロー":"-74481132747","財務活動によるキャッシュ・フロー":"126006047570","現金及び現金同等物の残高":"217863981715","従業員数":"20786","平均臨時雇用人員":"3821","配当性向":"0.5474","１株当たり配当額":"258.48","発行済株式総数（普通株式）":"499000000","資本金":"74494768109"}',
  '{"売上高":"1489895362189","売上原価":"1065021349312","売上総利益又は売上総損失（△)":"424874012877","販売費及び一般管理費":"116756495211","営業利益":"308117517666","経常利益":"299723849684","税引前利益":"293729372690","親会社株主に帰属する当期純利益":"235640574412"}',
  '{"総資産":"8448510158666","流動資産":"3210306410837","固定資産":"5238203747829","負債":"4882589165575","純資産":"3565920993091","流動負債":"1977049512456","固定負債":"2905539653119","現金及び現金同等物":"217863981715","投資有価証券":"90405588243"}',
  '{"営業活動によるキャッシュ・フロー":"149499701984","投資活動によるキャッシュ・フロー":"-74481132747","財務活動によるキャッシュ・フロー":"126006047570","配当金の支払額":"-128979355317","現金及び現金同等物の期末残高":"217863981715"}',
  NULL
);

INSERT OR REPLACE INTO period_financials (
  edinet_code, sec_code, doc_id, doc_type, period_start, period_end, submit_date_time, filer_name,
  summary_json, pl_json, bs_json, cf_json, raw_tsv_path
) VALUES (
  'E00000', '9999', 'SAMPLE-Q2-2025', 'quarterly',
  '2024-07-01', '2024-09-30', '2024-13-15T09:00:00Z', 'サンプル株式会社',
  '{"売上高":"1625340395115","経常利益":"316457618467","包括利益":"263489005933","親会社株主に帰属する当期純利益":"257062444813","純資産額":"3890095628827","総資産額":"9216556536727","１株当たり純資産額":"7795.78","１株当たり当期純利益又は当期純損失":"515.16","潜在株式調整後１株当たり当期純利益":"507.43","自己資本比率":"0.4221","自己資本利益率、経営指標等":"0.0661","株価収益率":"24.25","株価純資産倍率":"1.29","営業活動によるキャッシュ・フロー":"283880345867","投資活動によるキャッシュ・フロー":"-81252144815","財務活動によるキャッシュ・フロー":"137461142803","現金及び現金同等物の残高":"236101433003","従業員数":"20841","平均臨時雇用人員":"3615","配当性向":"0.5474","１株当たり配当額":"281.97","発行済株式総数（普通株式）":"499000000","資本金":"81267019756"}',
  '{"売上高":"1625340395115","売上原価":"1206062522546","売上総利益又は売上総損失（△)":"419277872569","販売費及び一般管理費":"83149671479","営業利益":"336128201090","経常利益":"316457618467","税引前利益":"310128466098","親会社株主に帰属する当期純利益":"257062444813"}',
  '{"総資産":"9216556536727","流動資産":"2913806406709","固定資産":"6302750130018","負債":"5326460907900","純資産":"3890095628827","流動負債":"1794451618801","固定負債":"3532009289099","現金及び現金同等物":"236101433003","投資有価証券":"24799225216"}',
  '{"営業活動によるキャッシュ・フロー":"283880345867","投資活動によるキャッシュ・フロー":"-81252144815","財務活動によるキャッシュ・フロー":"137461142803","配当金の支払額":"-140704751254","現金及び現金同等物の期末残高":"236101433003"}',
  NULL
);

INSERT OR REPLACE INTO period_financials (
  edinet_code, sec_code, doc_id, doc_type, period_start, period_end, submit_date_time, filer_name,
  summary_json, pl_json, bs_json, cf_json, raw_tsv_path
) VALUES (
  'E00000', '9999', 'SAMPLE-Q3-2025', 'quarterly',
  '2024-10-01', '2024-12-31', '2024-16-15T09:00:00Z', 'サンプル株式会社',
  '{"売上高":"1760785428042","経常利益":"340704069070","包括利益":"285446423094","親会社株主に帰属する当期純利益":"278484315214","純資産額":"4214270264562","総資産額":"9984602914787","１株当たり純資産額":"8445.43","１株当たり当期純利益又は当期純損失":"558.08","潜在株式調整後１株当たり当期純利益":"549.71","自己資本比率":"0.4221","自己資本利益率、経営指標等":"0.0661","株価収益率":"24.25","株価純資産倍率":"1.29","営業活動によるキャッシュ・フロー":"306089244622","投資活動によるキャッシュ・フロー":"-88023156883","財務活動によるキャッシュ・フロー":"148916238037","現金及び現金同等物の残高":"360147158687","従業員数":"20896","平均臨時雇用人員":"7074","配当性向":"0.5474","１株当たり配当額":"305.47","発行済株式総数（普通株式）":"499000000","資本金":"88039271402"}',
  '{"売上高":"1760785428042","売上原価":"1308117635884","売上総利益又は売上総損失（△)":"452667792157","販売費及び一般管理費":"88528907643","営業利益":"364138884514","経常利益":"340704069070","税引前利益":"333889987689","親会社株主に帰属する当期純利益":"278484315214"}',
  '{"総資産":"9984602914787","流動資産":"3179509109966","固定資産":"6805093804822","負債":"5770332650225","純資産":"4214270264562","流動負債":"1958083164425","固定負債":"3812249485800","現金及び現金同等物":"360147158687","投資有価証券":"127367906924"}',
  '{"営業活動によるキャッシュ・フロー":"306089244622","投資活動によるキャッシュ・フロー":"-88023156883","財務活動によるキャッシュ・フロー":"148916238037","配当金の支払額":"-152430147192","現金及び現金同等物の期末残高":"360147158687"}',
  NULL
);

INSERT OR REPLACE INTO period_financials (
  edinet_code, sec_code, doc_id, doc_type, period_start, period_end, submit_date_time, filer_name,
  summary_json, pl_json, bs_json, cf_json, raw_tsv_path
) VALUES (
  'E00000', '9999', 'SAMPLE-Q4-2025', 'quarterly',
  '2025-01-01', '2025-03-31', '2025-05-15T09:00:00Z', 'サンプル株式会社',
  '{"売上高":"1896230460968","経常利益":"367879254541","包括利益":"307403840255","親会社株主に帰属する当期純利益":"299906185615","純資産額":"4538444900298","総資産額":"10752649292848","１株当たり純資産額":"9095.08","１株当たり当期純利益又は当期純損失":"601.01","潜在株式調整後１株当たり当期純利益":"591.99","自己資本比率":"0.4221","自己資本利益率、経営指標等":"0.0661","株価収益率":"24.25","株価純資産倍率":"1.29","営業活動によるキャッシュ・フロー":"205928902648","投資活動によるキャッシュ・フロー":"-94794168951","財務活動によるキャッシュ・フロー":"160371333271","現金及び現金同等物の残高":"231156568336","従業員数":"20951","平均臨時雇用人員":"6171","配当性向":"0.5474","１株当たり配当額":"328.97","発行済株式総数（普通株式）":"499000000","資本金":"94811523048"}',
  '{"売上高":"1896230460968","売上原価":"1373641200876","売上総利益又は売上総損失（△)":"522589260092","販売費及び一般管理費":"130439692153","営業利益":"392149567938","経常利益":"367879254541","税引前利益":"360521669450","親会社株主に帰属する当期純利益":"299906185615"}',
  '{"総資産":"10752649292848","流動資産":"5250641926774","固定資産":"5502007366074","負債":"6214204392550","純資産":"4538444900298","流動負債":"3233578896508","固定負債":"2980625496042","現金及び現金同等物":"231156568336","投資有価証券":"93236512869"}',
  '{"営業活動によるキャッシュ・フロー":"205928902648","投資活動によるキャッシュ・フロー":"-94794168951","財務活動によるキャッシュ・フロー":"160371333271","配当金の支払額":"-164155543130","現金及び現金同等物の期末残高":"231156568336"}',
  NULL
);

INSERT OR REPLACE INTO period_financials (
  edinet_code, sec_code, doc_id, doc_type, period_start, period_end, submit_date_time, filer_name,
  summary_json, pl_json, bs_json, cf_json, raw_tsv_path
) VALUES (
  'E00000', '9999', 'SAMPLE-SEMI-2021', 'semiannual',
  '2020-04-01', '2020-09-30', '2020-11-14T09:00:00Z', 'サンプル株式会社',
  '{"売上高":"503855522486","経常利益":"100793748368","包括利益":"81681591839","親会社株主に帰属する当期純利益":"79689357892","純資産額":"1205929644936","総資産額":"2857132526385","１株当たり純資産額":"2416.69","１株当たり当期純利益又は当期純損失":"159.70","潜在株式調整後１株当たり当期純利益":"157.30","自己資本比率":"0.4221","自己資本利益率、経営指標等":"0.0661","株価収益率":"24.25","株価純資産倍率":"1.29","営業活動によるキャッシュ・フロー":"78172899772","投資活動によるキャッシュ・フロー":"-25188164893","財務活動によるキャッシュ・フロー":"42612954269","現金及び現金同等物の残高":"42953679643","従業員数":"20385","平均臨時雇用人員":"5217","配当性向":"0.5474","１株当たり配当額":"87.41","発行済株式総数（普通株式）":"499000000","資本金":"25192776124"}',
  '{"売上高":"503855522486","売上原価":"365230541220","売上総利益又は売上総損失（△)":"138624981266","販売費及び一般管理費":"34425238928","営業利益":"104199742338","経常利益":"100793748368","税引前利益":"98777873401","親会社株主に帰属する当期純利益":"79689357892"}',
  '{"総資産":"2857132526385","流動資産":"1187684552568","固定資産":"1669447973817","負債":"1651202881449","純資産":"1205929644936","流動負債":"731428986865","固定負債":"919773894584","現金及び現金同等物":"42953679643","投資有価証券":"11299859123"}',
  '{"営業活動によるキャッシュ・フロー":"78172899772","投資活動によるキャッシュ・フロー":"-25188164893","財務活動によるキャッシュ・フロー":"42612954269","配当金の支払額":"-43618472889","現金及び現金同等物の期末残高":"42953679643"}',
  NULL
);

INSERT OR REPLACE INTO period_financials (
  edinet_code, sec_code, doc_id, doc_type, period_start, period_end, submit_date_time, filer_name,
  summary_json, pl_json, bs_json, cf_json, raw_tsv_path
) VALUES (
  'E00000', '9999', 'SAMPLE-SEMI-2022', 'semiannual',
  '2021-04-01', '2021-09-30', '2021-11-14T09:00:00Z', 'サンプル株式会社',
  '{"売上高":"576995840266","経常利益":"116940105944","包括利益":"93538597106","親会社株主に帰属する当期純利益":"91257167908","純資産額":"1380983948234","総資産額":"3271877570538","１株当たり純資産額":"2767.50","１株当たり当期純利益又は当期純損失":"182.88","潜在株式調整後１株当たり当期純利益":"180.14","自己資本比率":"0.4221","自己資本利益率、経営指標等":"0.0661","株価収益率":"24.25","株価純資産倍率":"1.29","営業活動によるキャッシュ・フロー":"102622243124","投資活動によるキャッシュ・フロー":"-28844511409","財務活動によるキャッシュ・フロー":"48798705695","現金及び現金同等物の残高":"55549026629","従業員数":"20415","平均臨時雇用人員":"3226","配当性向":"0.5474","１株当たり配当額":"100.10","発行済株式総数（普通株式）":"499000000","資本金":"28849792013"}',
  '{"売上高":"576995840266","売上原価":"434079118377","売上総利益又は売上総損失（△)":"142916721889","販売費及び一般管理費":"23591210502","営業利益":"119325511387","経常利益":"116940105944","税引前利益":"114601303825","親会社株主に帰属する当期純利益":"91257167908"}',
  '{"総資産":"3271877570538","流動資産":"1611854131875","固定資産":"1660023438663","負債":"1890893622304","純資産":"1380983948234","流動負債":"992651484860","固定負債":"898242137445","現金及び現金同等物":"55549026629","投資有価証券":"41858098138"}',
  '{"営業活動によるキャッシュ・フロー":"102622243124","投資活動によるキャッシュ・フロー":"-28844511409","財務活動によるキャッシュ・フロー":"48798705695","配当金の支払額":"-49950186695","現金及び現金同等物の期末残高":"55549026629"}',
  NULL
);

INSERT OR REPLACE INTO period_financials (
  edinet_code, sec_code, doc_id, doc_type, period_start, period_end, submit_date_time, filer_name,
  summary_json, pl_json, bs_json, cf_json, raw_tsv_path
) VALUES (
  'E00000', '9999', 'SAMPLE-SEMI-2023', 'semiannual',
  '2022-04-01', '2022-09-30', '2022-11-14T09:00:00Z', 'サンプル株式会社',
  '{"売上高":"666389561997","経常利益":"127376503337","包括利益":"108030492432","親会社株主に帰属する当期純利益":"105395602373","純資産額":"1594939207819","総資産額":"3778788180058","１株当たり純資産額":"3196.27","１株当たり当期純利益又は当期純損失":"211.21","潜在株式調整後１株当たり当期純利益":"208.04","自己資本比率":"0.4221","自己資本利益率、経営指標等":"0.0661","株価収益率":"24.25","株価純資産倍率":"1.29","営業活動によるキャッシュ・フロー":"77443068139","投資活動によるキャッシュ・フロー":"-33313379374","財務活動によるキャッシュ・フロー":"56359068549","現金及び現金同等物の残高":"145138040933","従業員数":"20451","平均臨時雇用人員":"4690","配当性向":"0.5474","１株当たり配当額":"115.61","発行済株式総数（普通株式）":"499000000","資本金":"33319478100"}',
  '{"売上高":"666389561997","売上原価":"504011576399","売上総利益又は売上総損失（△)":"162377985598","販売費及び一般管理費":"24565423151","営業利益":"137812562447","経常利益":"127376503337","税引前利益":"124828973270","親会社株主に帰属する当期純利益":"105395602373"}',
  '{"総資産":"3778788180058","流動資産":"1688463484725","固定資産":"2090324695333","負債":"2183848972239","純資産":"1594939207819","流動負債":"1039830932651","固定負債":"1144018039588","現金及び現金同等物":"145138040933","投資有価証券":"12297052799"}',
  '{"営業活動によるキャッシュ・フロー":"77443068139","投資活動によるキャッシュ・フロー":"-33313379374","財務活動によるキャッシュ・フロー":"56359068549","配当金の支払額":"-57688948014","現金及び現金同等物の期末残高":"145138040933"}',
  NULL
);

INSERT OR REPLACE INTO period_financials (
  edinet_code, sec_code, doc_id, doc_type, period_start, period_end, submit_date_time, filer_name,
  summary_json, pl_json, bs_json, cf_json, raw_tsv_path
) VALUES (
  'E00000', '9999', 'SAMPLE-SEMI-2024', 'semiannual',
  '2023-04-01', '2023-09-30', '2023-11-14T09:00:00Z', 'サンプル株式会社',
  '{"売上高":"739529879777","経常利益":"148851891265","包括利益":"119887497699","親会社株主に帰属する当期純利益":"116963412390","純資産額":"1769993511116","総資産額":"4193533224211","１株当たり純資産額":"3547.08","１株当たり当期純利益又は当期純損失":"234.40","潜在株式調整後１株当たり当期純利益":"230.88","自己資本比率":"0.4221","自己資本利益率、経営指標等":"0.0661","株価収益率":"24.25","株価純資産倍率":"1.29","営業活動によるキャッシュ・フロー":"69617731303","投資活動によるキャッシュ・フロー":"-36969725891","財務活動によるキャッシュ・フロー":"62544819976","現金及び現金同等物の残高":"116436570749","従業員数":"20481","平均臨時雇用人員":"5637","配当性向":"0.5474","１株当たり配当額":"128.30","発行済株式総数（普通株式）":"499000000","資本金":"36976493989"}',
  '{"売上高":"739529879777","売上原価":"557511380671","売上総利益又は売上総損失（△)":"182018499106","販売費及び一般管理費":"29080167610","営業利益":"152938331496","経常利益":"148851891265","税引前利益":"145874853440","親会社株主に帰属する当期純利益":"116963412390"}',
  '{"総資産":"4193533224211","流動資産":"2079953120846","固定資産":"2113580103365","負債":"2423539713094","純資産":"1769993511116","流動負債":"1280927667719","固定負債":"1142612045375","現金及び現金同等物":"116436570749","投資有価証券":"26570644139"}',
  '{"営業活動によるキャッシュ・フロー":"69617731303","投資活動によるキャッシュ・フロー":"-36969725891","財務活動によるキャッシュ・フロー":"62544819976","配当金の支払額":"-64020661821","現金及び現金同等物の期末残高":"116436570749"}',
  NULL
);

INSERT OR REPLACE INTO period_financials (
  edinet_code, sec_code, doc_id, doc_type, period_start, period_end, submit_date_time, filer_name,
  summary_json, pl_json, bs_json, cf_json, raw_tsv_path
) VALUES (
  'E00000', '9999', 'SAMPLE-SEMI-2025', 'semiannual',
  '2024-04-01', '2024-09-30', '2024-11-14T09:00:00Z', 'サンプル株式会社',
  '{"売上高":"812670197558","経常利益":"156255495472","包括利益":"131744502966","親会社株主に帰属する当期純利益":"128531222406","純資産額":"1945047814413","総資産額":"4608278268363","１株当たり純資産額":"3897.89","１株当たり当期純利益又は当期純損失":"257.58","潜在株式調整後１株当たり当期純利益":"253.72","自己資本比率":"0.4221","自己資本利益率、経営指標等":"0.0661","株価収益率":"24.25","株価純資産倍率":"1.29","営業活動によるキャッシュ・フロー":"102364265061","投資活動によるキャッシュ・フロー":"-40626072407","財務活動によるキャッシュ・フロー":"68730571402","現金及び現金同等物の残高":"159439411884","従業員数":"20510","平均臨時雇用人員":"4035","配当性向":"0.5474","１株当たり配当額":"140.99","発行済株式総数（普通株式）":"499000000","資本金":"40633509878"}',
  '{"売上高":"812670197558","売上原価":"584260083828","売上総利益又は売上総損失（△)":"228410113729","販売費及び一般管理費":"60346013184","営業利益":"168064100545","経常利益":"156255495472","税引前利益":"153130385562","親会社株主に帰属する当期純利益":"128531222406"}',
  '{"総資産":"4608278268363","流動資産":"2175608475884","固定資産":"2432669792480","負債":"2663230453950","純資産":"1945047814413","流動負債":"1339836491003","固定負債":"1323393962947","現金及び現金同等物":"159439411884","投資有価証券":"16368559775"}',
  '{"営業活動によるキャッシュ・フロー":"102364265061","投資活動によるキャッシュ・フロー":"-40626072407","財務活動によるキャッシュ・フロー":"68730571402","配当金の支払額":"-70352375627","現金及び現金同等物の期末残高":"159439411884"}',
  NULL
);

INSERT OR REPLACE INTO documents (
  doc_id, edinet_code, sec_code, doc_type, ordinance_code, form_code, doc_type_code,
  period_start, period_end, submit_date_time, withdrawal_status, doc_description, source_meta_json
) VALUES (
  'SAMPLE-ANNUAL-2025-1301', 'E00001', '1301', 'annual',
  '010', '030000', '120', '2024-04-01', '2025-03-31',
  '2025-06-28T09:00:00Z', '0', '有価証券報告書',
  '{"source":"local-d1-seed"}'
);

INSERT OR REPLACE INTO period_financials (
  edinet_code, sec_code, doc_id, doc_type, period_start, period_end, submit_date_time, filer_name,
  summary_json, pl_json, bs_json, cf_json, raw_tsv_path
) VALUES (
  'E00001', '1301', 'SAMPLE-ANNUAL-2025-1301', 'annual',
  '2024-04-01', '2025-03-31', '2025-06-28T09:00:00Z', 'カブトシステムズ株式会社',
  '{"売上高":"1483436773880","経常利益":"105403143497","包括利益":"59831283404","親会社株主に帰属する当期純利益":"58371983809","純資産額":"284058192726","総資産額":"528318565082","１株当たり純資産額":"423.34","１株当たり当期純利益又は当期純損失":"86.99","潜在株式調整後１株当たり当期純利益":"85.69","自己資本比率":"0.5377","自己資本利益率、経営指標等":"0.2055","株価収益率":"8.39","株価純資産倍率":"3.62","営業活動によるキャッシュ・フロー":"135684577469","投資活動によるキャッシュ・フロー":"-136815648217","財務活動によるキャッシュ・フロー":"-74275510493","現金及び現金同等物の残高":"191959136342","従業員数":"21018","平均臨時雇用人員":"4372","配当性向":"0.6039","１株当たり配当額":"52.53","発行済株式総数（普通株式）":"671000000","資本金":"74171838694"}',
  '{"売上高":"1483436773880","売上原価":"1274653684185","売上総利益又は売上総損失（△)":"208783089695","販売費及び一般管理費":"101542176584","営業利益":"107240913111","経常利益":"105403143497","税引前利益":"103295080627","親会社株主に帰属する当期純利益":"58371983809"}',
  '{"総資産":"528318565082","流動資産":"252525875530","固定資産":"275792689552","負債":"244260372356","純資産":"284058192726","流動負債":"108826372657","固定負債":"135433999699","現金及び現金同等物":"191959136342","投資有価証券":"95106539001"}',
  '{"営業活動によるキャッシュ・フロー":"135684577469","投資活動によるキャッシュ・フロー":"-136815648217","財務活動によるキャッシュ・フロー":"-74275510493","配当金の支払額":"-35249928896","現金及び現金同等物の期末残高":"191959136342"}',
  NULL
);

INSERT OR REPLACE INTO documents (
  doc_id, edinet_code, sec_code, doc_type, ordinance_code, form_code, doc_type_code,
  period_start, period_end, submit_date_time, withdrawal_status, doc_description, source_meta_json
) VALUES (
  'SAMPLE-ANNUAL-2024-1301', 'E00001', '1301', 'annual',
  '010', '030000', '120', '2023-04-01', '2024-03-31',
  '2024-06-28T09:00:00Z', '0', '有価証券報告書',
  '{"source":"local-d1-seed"}'
);

INSERT OR REPLACE INTO period_financials (
  edinet_code, sec_code, doc_id, doc_type, period_start, period_end, submit_date_time, filer_name,
  summary_json, pl_json, bs_json, cf_json, raw_tsv_path
) VALUES (
  'E00001', '1301', 'SAMPLE-ANNUAL-2024-1301', 'annual',
  '2023-04-01', '2024-03-31', '2024-06-28T09:00:00Z', 'カブトシステムズ株式会社',
  '{"売上高":"1212121156652","経常利益":"80866087987","包括利益":"48888342072","親会社株主に帰属する当期純利益":"47695943485","純資産額":"232104900718","総資産額":"431690869111","１株当たり純資産額":"345.91","１株当たり当期純利益又は当期純損失":"71.08","潜在株式調整後１株当たり当期純利益":"70.01","自己資本比率":"0.5377","自己資本利益率、経営指標等":"0.2055","株価収益率":"8.39","株価純資産倍率":"3.62","営業活動によるキャッシュ・フロー":"190144899597","投資活動によるキャッシュ・フロー":"-111792524417","財務活動によるキャッシュ・フロー":"-60690768407","現金及び現金同等物の残高":"142522393418","従業員数":"20361","平均臨時雇用人員":"5990","配当性向":"0.6039","１株当たり配当額":"42.93","発行済株式総数（普通株式）":"671000000","資本金":"60606057833"}',
  '{"売上高":"1212121156652","売上原価":"1063664000795","売上総利益又は売上総損失（△)":"148457155857","販売費及び一般管理費":"60830246554","営業利益":"87626909303","経常利益":"80866087987","税引前利益":"79248766227","親会社株主に帰属する当期純利益":"47695943485"}',
  '{"総資産":"431690869111","流動資産":"213785498504","固定資産":"217905370607","負債":"199585968393","純資産":"232104900718","流動負債":"92131154006","固定負債":"107454814387","現金及び現金同等物":"142522393418","投資有価証券":"82893950754"}',
  '{"営業活動によるキャッシュ・フロー":"190144899597","投資活動によるキャッシュ・フロー":"-111792524417","財務活動によるキャッシュ・フロー":"-60690768407","配当金の支払額":"-28802834969","現金及び現金同等物の期末残高":"142522393418"}',
  NULL
);

INSERT OR REPLACE INTO documents (
  doc_id, edinet_code, sec_code, doc_type, ordinance_code, form_code, doc_type_code,
  period_start, period_end, submit_date_time, withdrawal_status, doc_description, source_meta_json
) VALUES (
  'SAMPLE-ANNUAL-2023-1301', 'E00001', '1301', 'annual',
  '010', '030000', '120', '2022-04-01', '2023-03-31',
  '2023-06-28T09:00:00Z', '0', '有価証券報告書',
  '{"source":"local-d1-seed"}'
);

INSERT OR REPLACE INTO period_financials (
  edinet_code, sec_code, doc_id, doc_type, period_start, period_end, submit_date_time, filer_name,
  summary_json, pl_json, bs_json, cf_json, raw_tsv_path
) VALUES (
  'E00001', '1301', 'SAMPLE-ANNUAL-2023-1301', 'annual',
  '2022-04-01', '2023-03-31', '2023-06-28T09:00:00Z', 'カブトシステムズ株式会社',
  '{"売上高":"990428257053","経常利益":"67769600816","包括利益":"39946828057","親会社株主に帰属する当期純利益":"38972515177","純資産額":"189653691803","総資産額":"352736055083","１株当たり純資産額":"282.64","１株当たり当期純利益又は当期純損失":"58.08","潜在株式調整後１株当たり当期純利益":"57.21","自己資本比率":"0.5377","自己資本利益率、経営指標等":"0.2055","株価収益率":"8.39","株価純資産倍率":"3.62","営業活動によるキャッシュ・フロー":"138096652012","投資活動によるキャッシュ・フロー":"-91346046145","財務活動によるキャッシュ・フロー":"-49590630147","現金及び現金同等物の残高":"82314329516","従業員数":"19705","平均臨時雇用人員":"6772","配当性向":"0.6039","１株当たり配当額":"35.07","発行済株式総数（普通株式）":"671000000","資本金":"49521412853"}',
  '{"売上高":"990428257053","売上原価":"880327316033","売上総利益又は売上総損失（△)":"110100941020","販売費及び一般管理費":"38500699926","営業利益":"71600241094","経常利益":"67769600816","税引前利益":"66414208799","親会社株主に帰属する当期純利益":"38972515177"}',
  '{"総資産":"352736055083","流動資産":"205744451965","固定資産":"146991603117","負債":"163082363279","純資産":"189653691803","流動負債":"88665853963","固定負債":"74416509316","現金及び現金同等物":"82314329516","投資有価証券":"46753019323"}',
  '{"営業活動によるキャッシュ・フロー":"138096652012","投資活動によるキャッシュ・フロー":"-91346046145","財務活動によるキャッシュ・フロー":"-49590630147","配当金の支払額":"-23534892927","現金及び現金同等物の期末残高":"82314329516"}',
  NULL
);

INSERT OR REPLACE INTO documents (
  doc_id, edinet_code, sec_code, doc_type, ordinance_code, form_code, doc_type_code,
  period_start, period_end, submit_date_time, withdrawal_status, doc_description, source_meta_json
) VALUES (
  'SAMPLE-ANNUAL-2025-1302', 'E00002', '1302', 'annual',
  '010', '030000', '120', '2024-04-01', '2025-03-31',
  '2025-06-28T09:00:00Z', '0', '有価証券報告書',
  '{"source":"local-d1-seed"}'
);

INSERT OR REPLACE INTO period_financials (
  edinet_code, sec_code, doc_id, doc_type, period_start, period_end, submit_date_time, filer_name,
  summary_json, pl_json, bs_json, cf_json, raw_tsv_path
) VALUES (
  'E00002', '1302', 'SAMPLE-ANNUAL-2025-1302', 'annual',
  '2024-04-01', '2025-03-31', '2025-06-28T09:00:00Z', 'ライオンロジスティクス株式会社',
  '{"売上高":"1470621230092","経常利益":"333888378816","包括利益":"247639555829","親会社株主に帰属する当期純利益":"241599566662","純資産額":"1491361591817","総資産額":"2274332414134","１株当たり純資産額":"5780.47","１株当たり当期純利益又は当期純損失":"936.43","潜在株式調整後１株当たり当期純利益":"922.38","自己資本比率":"0.6557","自己資本利益率、経営指標等":"0.1620","株価収益率":"41.11","株価純資産倍率":"0.43","営業活動によるキャッシュ・フロー":"150022026781","投資活動によるキャッシュ・フロー":"-116462580587","財務活動によるキャッシュ・フロー":"-52078709933","現金及び現金同等物の残高":"230332081731","従業員数":"34733","平均臨時雇用人員":"8686","配当性向":"0.1927","１株当たり配当額":"180.48","発行済株式総数（普通株式）":"258000000","資本金":"73531061505"}',
  '{"売上高":"1470621230092","売上原価":"1039864119979","売上総利益又は売上総損失（△)":"430757110113","販売費及び一般管理費":"79317993542","営業利益":"351439116571","経常利益":"333888378816","税引前利益":"327210611240","親会社株主に帰属する当期純利益":"241599566662"}',
  '{"総資産":"2274332414134","流動資産":"584553190419","固定資産":"1689779223715","負債":"782970822317","純資産":"1491361591817","流動負債":"254739447899","固定負債":"528231374418","現金及び現金同等物":"230332081731","投資有価証券":"21099980649"}',
  '{"営業活動によるキャッシュ・フロー":"150022026781","投資活動によるキャッシュ・フロー":"-116462580587","財務活動によるキャッシュ・フロー":"-52078709933","配当金の支払額":"-46564422181","現金及び現金同等物の期末残高":"230332081731"}',
  NULL
);

INSERT OR REPLACE INTO documents (
  doc_id, edinet_code, sec_code, doc_type, ordinance_code, form_code, doc_type_code,
  period_start, period_end, submit_date_time, withdrawal_status, doc_description, source_meta_json
) VALUES (
  'SAMPLE-ANNUAL-2024-1302', 'E00002', '1302', 'annual',
  '010', '030000', '120', '2023-04-01', '2024-03-31',
  '2024-06-28T09:00:00Z', '0', '有価証券報告書',
  '{"source":"local-d1-seed"}'
);

INSERT OR REPLACE INTO period_financials (
  edinet_code, sec_code, doc_id, doc_type, period_start, period_end, submit_date_time, filer_name,
  summary_json, pl_json, bs_json, cf_json, raw_tsv_path
) VALUES (
  'E00002', '1302', 'SAMPLE-ANNUAL-2024-1302', 'annual',
  '2023-04-01', '2024-03-31', '2024-06-28T09:00:00Z', 'ライオンロジスティクス株式会社',
  '{"売上高":"1264849240190","経常利益":"288694189281","包括利益":"212989380013","親会社株主に帰属する当期純利益":"207794517085","純資産額":"1282687572883","総資産額":"1956103697602","１株当たり純資産額":"4971.66","１株当たり当期純利益又は当期純損失":"805.41","潜在株式調整後１株当たり当期純利益":"793.33","自己資本比率":"0.6557","自己資本利益率、経営指標等":"0.1620","株価収益率":"41.11","株価純資産倍率":"0.43","営業活動によるキャッシュ・フロー":"111438392674","投資活動によるキャッシュ・フロー":"-100166925073","財務活動によるキャッシュ・フロー":"-44791762380","現金及び現金同等物の残高":"224651918480","従業員数":"33647","平均臨時雇用人員":"9641","配当性向":"0.1927","１株当たり配当額":"155.23","発行済株式総数（普通株式）":"258000000","資本金":"63242462009"}',
  '{"売上高":"1264849240190","売上原価":"872802755868","売上総利益又は売上総損失（△)":"392046484321","販売費及び一般管理費":"89781366375","営業利益":"302265117946","経常利益":"288694189281","税引前利益":"282920305495","親会社株主に帰属する当期純利益":"207794517085"}',
  '{"総資産":"1956103697602","流動資産":"832886517915","固定資産":"1123217179687","負債":"673416124719","純資産":"1282687572883","流動負債":"362959359754","固定負債":"310456764965","現金及び現金同等物":"224651918480","投資有価証券":"83729026182"}',
  '{"営業活動によるキャッシュ・フロー":"111438392674","投資活動によるキャッシュ・フロー":"-100166925073","財務活動によるキャッシュ・フロー":"-44791762380","配当金の支払額":"-40049043772","現金及び現金同等物の期末残高":"224651918480"}',
  NULL
);

INSERT OR REPLACE INTO documents (
  doc_id, edinet_code, sec_code, doc_type, ordinance_code, form_code, doc_type_code,
  period_start, period_end, submit_date_time, withdrawal_status, doc_description, source_meta_json
) VALUES (
  'SAMPLE-ANNUAL-2023-1302', 'E00002', '1302', 'annual',
  '010', '030000', '120', '2022-04-01', '2023-03-31',
  '2023-06-28T09:00:00Z', '0', '有価証券報告書',
  '{"source":"local-d1-seed"}'
);

INSERT OR REPLACE INTO period_financials (
  edinet_code, sec_code, doc_id, doc_type, period_start, period_end, submit_date_time, filer_name,
  summary_json, pl_json, bs_json, cf_json, raw_tsv_path
) VALUES (
  'E00002', '1302', 'SAMPLE-ANNUAL-2023-1302', 'annual',
  '2022-04-01', '2023-03-31', '2023-06-28T09:00:00Z', 'ライオンロジスティクス株式会社',
  '{"売上高":"1087869240340","経常利益":"246620152221","包括利益":"183187519645","親会社株主に帰属する当期純利益":"178719531361","純資産額":"1103211601168","総資産額":"1682402120286","１株当たり純資産額":"4276.01","１株当たり当期純利益又は当期純損失":"692.71","潜在株式調整後１株当たり当期純利益":"682.32","自己資本比率":"0.6557","自己資本利益率、経営指標等":"0.1620","株価収益率":"41.11","株価純資産倍率":"0.43","営業活動によるキャッシュ・フロー":"155216725515","投資活動によるキャッシュ・フロー":"-86151387236","財務活動によるキャッシュ・フロー":"-38524417745","現金及び現金同等物の残高":"110962323302","従業員数":"32562","平均臨時雇用人員":"4937","配当性向":"0.1927","１株当たり配当額":"133.51","発行済株式総数（普通株式）":"258000000","資本金":"54393462017"}',
  '{"売上高":"1087869240340","売上原価":"770376492248","売上総利益又は売上総損失（△)":"317492748092","販売費及び一般管理費":"57521113693","営業利益":"259971634400","経常利益":"246620152221","税引前利益":"241687749177","親会社株主に帰属する当期純利益":"178719531361"}',
  '{"総資産":"1682402120286","流動資産":"462824849959","固定資産":"1219577270326","負債":"579190519117","純資産":"1103211601168","流動負債":"201692076419","固定負債":"377498442699","現金及び現金同等物":"110962323302","投資有価証券":"70100695097"}',
  '{"営業活動によるキャッシュ・フロー":"155216725515","投資活動によるキャッシュ・フロー":"-86151387236","財務活動によるキャッシュ・フロー":"-38524417745","配当金の支払額":"-34445308927","現金及び現金同等物の期末残高":"110962323302"}',
  NULL
);

INSERT OR REPLACE INTO documents (
  doc_id, edinet_code, sec_code, doc_type, ordinance_code, form_code, doc_type_code,
  period_start, period_end, submit_date_time, withdrawal_status, doc_description, source_meta_json
) VALUES (
  'SAMPLE-ANNUAL-2025-1303', 'E00003', '1303', 'annual',
  '010', '030000', '120', '2024-04-01', '2025-03-31',
  '2025-06-28T09:00:00Z', '0', '有価証券報告書',
  '{"source":"local-d1-seed"}'
);

INSERT OR REPLACE INTO period_financials (
  edinet_code, sec_code, doc_id, doc_type, period_start, period_end, submit_date_time, filer_name,
  summary_json, pl_json, bs_json, cf_json, raw_tsv_path
) VALUES (
  'E00003', '1303', 'SAMPLE-ANNUAL-2025-1303', 'annual',
  '2024-04-01', '2025-03-31', '2025-06-28T09:00:00Z', 'ペンギンソリューションズ株式会社',
  '{"売上高":"148395803693","経常利益":"17754392524","包括利益":"12408824540","親会社株主に帰属する当期純利益":"12106170283","純資産額":"55966322188","総資産額":"90450093223","１株当たり純資産額":"153.33","１株当たり当期純利益又は当期純損失":"33.17","潜在株式調整後１株当たり当期純利益":"32.67","自己資本比率":"0.6188","自己資本利益率、経営指標等":"0.2163","株価収益率":"40.88","株価純資産倍率":"1.30","営業活動によるキャッシュ・フロー":"17030169425","投資活動によるキャッシュ・フロー":"-6768185664","財務活動によるキャッシュ・フロー":"-2248513181","現金及び現金同等物の残高":"29647179851","従業員数":"33412","平均臨時雇用人員":"9172","配当性向":"0.1385","１株当たり配当額":"4.59","発行済株式総数（普通株式）":"365000000","資本金":"7419790185"}',
  '{"売上高":"148395803693","売上原価":"123686019585","売上総利益又は売上総損失（△)":"24709784108","販売費及び一般管理費":"5432056131","営業利益":"19277727977","経常利益":"17754392524","税引前利益":"17399304674","親会社株主に帰属する当期純利益":"12106170283"}',
  '{"総資産":"90450093223","流動資産":"13594358421","固定資産":"76855734803","負債":"34483771035","純資産":"55966322188","流動負債":"17792216252","固定負債":"16691554784","現金及び現金同等物":"29647179851","投資有価証券":"5214280540"}',
  '{"営業活動によるキャッシュ・フロー":"17030169425","投資活動によるキャッシュ・フロー":"-6768185664","財務活動によるキャッシュ・フロー":"-2248513181","配当金の支払額":"-1676156887","現金及び現金同等物の期末残高":"29647179851"}',
  NULL
);

INSERT OR REPLACE INTO documents (
  doc_id, edinet_code, sec_code, doc_type, ordinance_code, form_code, doc_type_code,
  period_start, period_end, submit_date_time, withdrawal_status, doc_description, source_meta_json
) VALUES (
  'SAMPLE-ANNUAL-2024-1303', 'E00003', '1303', 'annual',
  '010', '030000', '120', '2023-04-01', '2024-03-31',
  '2024-06-28T09:00:00Z', '0', '有価証券報告書',
  '{"source":"local-d1-seed"}'
);

INSERT OR REPLACE INTO period_financials (
  edinet_code, sec_code, doc_id, doc_type, period_start, period_end, submit_date_time, filer_name,
  summary_json, pl_json, bs_json, cf_json, raw_tsv_path
) VALUES (
  'E00003', '1303', 'SAMPLE-ANNUAL-2024-1303', 'annual',
  '2023-04-01', '2024-03-31', '2024-06-28T09:00:00Z', 'ペンギンソリューションズ株式会社',
  '{"売上高":"160596480364","経常利益":"19719790721","包括利益":"13429042446","親会社株主に帰属する当期純利益":"13101504825","純資産額":"60567712420","総資産額":"97886640045","１株当たり純資産額":"165.94","１株当たり当期純利益又は当期純損失":"35.89","潜在株式調整後１株当たり当期純利益":"35.35","自己資本比率":"0.6188","自己資本利益率、経営指標等":"0.2163","株価収益率":"40.88","株価純資産倍率":"1.30","営業活動によるキャッシュ・フロー":"25622536244","投資活動によるキャッシュ・フロー":"-7324646446","財務活動によるキャッシュ・フロー":"-2433379475","現金及び現金同等物の残高":"21960424778","従業員数":"32368","平均臨時雇用人員":"7777","配当性向":"0.1385","１株当たり配当額":"4.97","発行済株式総数（普通株式）":"365000000","資本金":"8029824018"}',
  '{"売上高":"160596480364","売上原価":"128884263279","売上総利益又は売上総損失（△)":"31712217085","販売費及び一般管理費":"10849529695","営業利益":"20862687390","経常利益":"19719790721","税引前利益":"19325394907","親会社株主に帰属する当期純利益":"13101504825"}',
  '{"総資産":"97886640045","流動資産":"11802087894","固定資産":"86084552151","負債":"37318927625","純資産":"60567712420","流動負債":"15446503140","固定負債":"21872424485","現金及び現金同等物":"21960424778","投資有価証券":"10779395900"}',
  '{"営業活動によるキャッシュ・フロー":"25622536244","投資活動によるキャッシュ・フロー":"-7324646446","財務活動によるキャッシュ・フロー":"-2433379475","配当金の支払額":"-1813965692","現金及び現金同等物の期末残高":"21960424778"}',
  NULL
);

INSERT OR REPLACE INTO documents (
  doc_id, edinet_code, sec_code, doc_type, ordinance_code, form_code, doc_type_code,
  period_start, period_end, submit_date_time, withdrawal_status, doc_description, source_meta_json
) VALUES (
  'SAMPLE-ANNUAL-2023-1303', 'E00003', '1303', 'annual',
  '010', '030000', '120', '2022-04-01', '2023-03-31',
  '2023-06-28T09:00:00Z', '0', '有価証券報告書',
  '{"source":"local-d1-seed"}'
);

INSERT OR REPLACE INTO period_financials (
  edinet_code, sec_code, doc_id, doc_type, period_start, period_end, submit_date_time, filer_name,
  summary_json, pl_json, bs_json, cf_json, raw_tsv_path
) VALUES (
  'E00003', '1303', 'SAMPLE-ANNUAL-2023-1303', 'annual',
  '2022-04-01', '2023-03-31', '2023-06-28T09:00:00Z', 'ペンギンソリューションズ株式会社',
  '{"売上高":"173800261621","経常利益":"21523096882","包括利益":"14533139737","親会社株主に帰属する当期純利益":"14178672914","純資産額":"65547415737","総資産額":"105934598382","１株当たり純資産額":"179.58","１株当たり当期純利益又は当期純損失":"38.85","潜在株式調整後１株当たり当期純利益":"38.27","自己資本比率":"0.6188","自己資本利益率、経営指標等":"0.2163","株価収益率":"40.88","株価純資産倍率":"1.30","営業活動によるキャッシュ・フロー":"27636732072","投資活動によるキャッシュ・フロー":"-7926857835","財務活動によるキャッシュ・フロー":"-2633444945","現金及び現金同等物の残高":"26452627747","従業員数":"31324","平均臨時雇用人員":"10244","配当性向":"0.1385","１株当たり配当額":"5.38","発行済株式総数（普通株式）":"365000000","資本金":"8690013081"}',
  '{"売上高":"173800261621","売上原価":"137562447941","売上総利益又は売上総損失（△)":"36237813680","販売費及び一般管理費":"13659856066","営業利益":"22577957613","経常利益":"21523096882","税引前利益":"21092634944","親会社株主に帰属する当期純利益":"14178672914"}',
  '{"総資産":"105934598382","流動資産":"11100912219","固定資産":"94833686163","負債":"40387182645","純資産":"65547415737","流動負債":"14528808545","固定負債":"25858374100","現金及び現金同等物":"26452627747","投資有価証券":"2799723591"}',
  '{"営業活動によるキャッシュ・フロー":"27636732072","投資活動によるキャッシュ・フロー":"-7926857835","財務活動によるキャッシュ・フロー":"-2633444945","配当金の支払額":"-1963104740","現金及び現金同等物の期末残高":"26452627747"}',
  NULL
);

INSERT OR REPLACE INTO documents (
  doc_id, edinet_code, sec_code, doc_type, ordinance_code, form_code, doc_type_code,
  period_start, period_end, submit_date_time, withdrawal_status, doc_description, source_meta_json
) VALUES (
  'SAMPLE-ANNUAL-2025-1304', 'E00004', '1304', 'annual',
  '010', '030000', '120', '2024-04-01', '2025-03-31',
  '2025-06-28T09:00:00Z', '0', '有価証券報告書',
  '{"source":"local-d1-seed"}'
);

INSERT OR REPLACE INTO period_financials (
  edinet_code, sec_code, doc_id, doc_type, period_start, period_end, submit_date_time, filer_name,
  summary_json, pl_json, bs_json, cf_json, raw_tsv_path
) VALUES (
  'E00004', '1304', 'SAMPLE-ANNUAL-2025-1304', 'annual',
  '2024-04-01', '2025-03-31', '2025-06-28T09:00:00Z', 'キツネクラウド株式会社',
  '{"売上高":"1179513517983","経常利益":"230317330565","包括利益":"159427368968","親会社株主に帰属する当期純利益":"155538896554","純資産額":"833544781895","総資産額":"1246768838024","１株当たり純資産額":"1452.17","１株当たり当期純利益又は当期純損失":"270.97","潜在株式調整後１株当たり当期純利益":"266.91","自己資本比率":"0.6686","自己資本利益率、経営指標等":"0.1866","株価収益率":"19.98","株価純資産倍率":"2.35","営業活動によるキャッシュ・フロー":"208523878646","投資活動によるキャッシュ・フロー":"-90690476451","財務活動によるキャッシュ・フロー":"-42258358567","現金及び現金同等物の残高":"135209361107","従業員数":"21003","平均臨時雇用人員":"4419","配当性向":"0.1475","１株当たり配当額":"39.96","発行済株式総数（普通株式）":"574000000","資本金":"58975675899"}',
  '{"売上高":"1179513517983","売上原価":"884396281363","売上総利益又は売上総損失（△)":"295117236619","販売費及び一般管理費":"54867000622","営業利益":"240250235998","経常利益":"230317330565","税引前利益":"225710983953","親会社株主に帰属する当期純利益":"155538896554"}',
  '{"総資産":"1246768838024","流動資産":"352258401374","固定資産":"894510436650","負債":"413224056129","純資産":"833544781895","流動負債":"173951536552","固定負債":"239272519577","現金及び現金同等物":"135209361107","投資有価証券":"20230022787"}',
  '{"営業活動によるキャッシュ・フロー":"208523878646","投資活動によるキャッシュ・フロー":"-90690476451","財務活動によるキャッシュ・フロー":"-42258358567","配当金の支払額":"-22936681962","現金及び現金同等物の期末残高":"135209361107"}',
  NULL
);

INSERT OR REPLACE INTO documents (
  doc_id, edinet_code, sec_code, doc_type, ordinance_code, form_code, doc_type_code,
  period_start, period_end, submit_date_time, withdrawal_status, doc_description, source_meta_json
) VALUES (
  'SAMPLE-ANNUAL-2024-1304', 'E00004', '1304', 'annual',
  '010', '030000', '120', '2023-04-01', '2024-03-31',
  '2024-06-28T09:00:00Z', '0', '有価証券報告書',
  '{"source":"local-d1-seed"}'
);

INSERT OR REPLACE INTO period_financials (
  edinet_code, sec_code, doc_id, doc_type, period_start, period_end, submit_date_time, filer_name,
  summary_json, pl_json, bs_json, cf_json, raw_tsv_path
) VALUES (
  'E00004', '1304', 'SAMPLE-ANNUAL-2024-1304', 'annual',
  '2023-04-01', '2024-03-31', '2024-06-28T09:00:00Z', 'キツネクラウド株式会社',
  '{"売上高":"925308278666","経常利益":"183516347765","包括利益":"125068057384","親会社株主に帰属する当期純利益":"122017616960","純資産額":"653901693849","総資産額":"978068932503","１株当たり純資産額":"1139.20","１株当たり当期純利益又は当期純損失":"212.57","潜在株式調整後１株当たり当期純利益":"209.38","自己資本比率":"0.6686","自己資本利益率、経営指標等":"0.1866","株価収益率":"19.98","株価純資産倍率":"2.35","営業活動によるキャッシュ・フロー":"80401462187","投資活動によるキャッシュ・フロー":"-71145135157","財務活動によるキャッシュ・フロー":"-33150963027","現金及び現金同等物の残高":"104727146674","従業員数":"20347","平均臨時雇用人員":"6374","配当性向":"0.1475","１株当たり配当額":"31.35","発行済株式総数（普通株式）":"574000000","資本金":"46265413933"}',
  '{"売上高":"925308278666","売上原価":"692656768766","売上総利益又は売上総損失（△)":"232651509900","販売費及び一般管理費":"44179288996","営業利益":"188472220904","経常利益":"183516347765","税引前利益":"179846020809","親会社株主に帰属する当期純利益":"122017616960"}',
  '{"総資産":"978068932503","流動資産":"374434668253","固定資産":"603634264251","負債":"324167238655","純資産":"653901693849","流動負債":"184902576140","固定負債":"139264662515","現金及び現金同等物":"104727146674","投資有価証券":"67494651833"}',
  '{"営業活動によるキャッシュ・フロー":"80401462187","投資活動によるキャッシュ・フロー":"-71145135157","財務活動によるキャッシュ・フロー":"-33150963027","配当金の支払額":"-17993436600","現金及び現金同等物の期末残高":"104727146674"}',
  NULL
);

INSERT OR REPLACE INTO documents (
  doc_id, edinet_code, sec_code, doc_type, ordinance_code, form_code, doc_type_code,
  period_start, period_end, submit_date_time, withdrawal_status, doc_description, source_meta_json
) VALUES (
  'SAMPLE-ANNUAL-2023-1304', 'E00004', '1304', 'annual',
  '010', '030000', '120', '2022-04-01', '2023-03-31',
  '2023-06-28T09:00:00Z', '0', '有価証券報告書',
  '{"source":"local-d1-seed"}'
);

INSERT OR REPLACE INTO period_financials (
  edinet_code, sec_code, doc_id, doc_type, period_start, period_end, submit_date_time, filer_name,
  summary_json, pl_json, bs_json, cf_json, raw_tsv_path
) VALUES (
  'E00004', '1304', 'SAMPLE-ANNUAL-2023-1304', 'annual',
  '2022-04-01', '2023-03-31', '2023-06-28T09:00:00Z', 'キツネクラウド株式会社',
  '{"売上高":"725888595183","経常利益":"137875935155","包括利益":"98113762267","親会社株主に帰属する当期純利益":"95720743675","純資産額":"512974748934","総資産額":"767278430093","１株当たり純資産額":"893.68","１株当たり当期純利益又は当期純損失":"166.76","潜在株式調整後１株当たり当期純利益":"164.26","自己資本比率":"0.6686","自己資本利益率、経営指標等":"0.1866","株価収益率":"19.98","株価純資産倍率":"2.35","営業活動によるキャッシュ・フロー":"76178646349","投資活動によるキャッシュ・フロー":"-55812147588","財務活動によるキャッシュ・フロー":"-26006366241","現金及び現金同等物の残高":"96679033876","従業員数":"19690","平均臨時雇用人員":"3487","配当性向":"0.1475","１株当たり配当額":"24.59","発行済株式総数（普通株式）":"574000000","資本金":"36294429759"}',
  '{"売上高":"725888595183","売上原価":"561966419721","売上総利益又は売上総損失（△)":"163922175462","販売費及び一般管理費":"16068926100","営業利益":"147853249362","経常利益":"137875935155","税引前利益":"135118416452","親会社株主に帰属する当期純利益":"95720743675"}',
  '{"総資産":"767278430093","流動資産":"229158434503","固定資産":"538119995590","負債":"254303681159","純資産":"512974748934","流動負債":"113162558055","固定負債":"141141123104","現金及び現金同等物":"96679033876","投資有価証券":"20245075634"}',
  '{"営業活動によるキャッシュ・フロー":"76178646349","投資活動によるキャッシュ・フロー":"-55812147588","財務活動によるキャッシュ・フロー":"-26006366241","配当金の支払額":"-14115544751","現金及び現金同等物の期末残高":"96679033876"}',
  NULL
);

INSERT OR REPLACE INTO documents (
  doc_id, edinet_code, sec_code, doc_type, ordinance_code, form_code, doc_type_code,
  period_start, period_end, submit_date_time, withdrawal_status, doc_description, source_meta_json
) VALUES (
  'SAMPLE-ANNUAL-2025-1305', 'E00005', '1305', 'annual',
  '010', '030000', '120', '2024-04-01', '2025-03-31',
  '2025-06-28T09:00:00Z', '0', '有価証券報告書',
  '{"source":"local-d1-seed"}'
);

INSERT OR REPLACE INTO period_financials (
  edinet_code, sec_code, doc_id, doc_type, period_start, period_end, submit_date_time, filer_name,
  summary_json, pl_json, bs_json, cf_json, raw_tsv_path
) VALUES (
  'E00005', '1305', 'SAMPLE-ANNUAL-2025-1305', 'annual',
  '2024-04-01', '2025-03-31', '2025-06-28T09:00:00Z', 'クジラデータバンク株式会社',
  '{"売上高":"1276346942823","経常利益":"194999552537","包括利益":"191209680946","親会社株主に帰属する当期純利益":"186546030192","純資産額":"925127256564","総資産額":"1731786279619","１株当たり純資産額":"2011.15","１株当たり当期純利益又は当期純損失":"405.53","潜在株式調整後１株当たり当期純利益":"399.45","自己資本比率":"0.5342","自己資本利益率、経営指標等":"0.2016","株価収益率":"41.24","株価純資産倍率":"1.94","営業活動によるキャッシュ・フロー":"175584790789","投資活動によるキャッシュ・フロー":"-121836848932","財務活動によるキャッシュ・フロー":"60588263377","現金及び現金同等物の残高":"167414085188","従業員数":"25305","平均臨時雇用人員":"6164","配当性向":"0.0838","１株当たり配当額":"33.97","発行済株式総数（普通株式）":"460000000","資本金":"63817347141"}',
  '{"売上高":"1276346942823","売上原価":"1029168035514","売上総利益又は売上総損失（△)":"247178907309","販売費及び一般管理費":"38836449789","営業利益":"208342457520","経常利益":"194999552537","税引前利益":"191099561486","親会社株主に帰属する当期純利益":"186546030192"}',
  '{"総資産":"1731786279619","流動資産":"573667444344","固定資産":"1158118835275","負債":"806659023055","純資産":"925127256564","流動負債":"319665354587","固定負債":"486993668468","現金及び現金同等物":"167414085188","投資有価証券":"45231863513"}',
  '{"営業活動によるキャッシュ・フロー":"175584790789","投資活動によるキャッシュ・フロー":"-121836848932","財務活動によるキャッシュ・フロー":"60588263377","配当金の支払額":"-15627602968","現金及び現金同等物の期末残高":"167414085188"}',
  NULL
);

INSERT OR REPLACE INTO documents (
  doc_id, edinet_code, sec_code, doc_type, ordinance_code, form_code, doc_type_code,
  period_start, period_end, submit_date_time, withdrawal_status, doc_description, source_meta_json
) VALUES (
  'SAMPLE-ANNUAL-2024-1305', 'E00005', '1305', 'annual',
  '010', '030000', '120', '2023-04-01', '2024-03-31',
  '2024-06-28T09:00:00Z', '0', '有価証券報告書',
  '{"source":"local-d1-seed"}'
);

INSERT OR REPLACE INTO period_financials (
  edinet_code, sec_code, doc_id, doc_type, period_start, period_end, submit_date_time, filer_name,
  summary_json, pl_json, bs_json, cf_json, raw_tsv_path
) VALUES (
  'E00005', '1305', 'SAMPLE-ANNUAL-2024-1305', 'annual',
  '2023-04-01', '2024-03-31', '2024-06-28T09:00:00Z', 'クジラデータバンク株式会社',
  '{"売上高":"1198793116506","経常利益":"180126392686","包括利益":"179591333388","親会社株主に帰属する当期純利益":"175211056964","純資産額":"868914360078","総資産額":"1626558893677","１株当たり純資産額":"1888.94","１株当たり当期純利益又は当期純損失":"380.89","潜在株式調整後１株当たり当期純利益":"375.18","自己資本比率":"0.5342","自己資本利益率、経営指標等":"0.2016","株価収益率":"41.24","株価純資産倍率":"1.94","営業活動によるキャッシュ・フロー":"101622589620","投資活動によるキャッシュ・フロー":"-114433756948","財務活動によるキャッシュ・フロー":"56906778746","現金及び現金同等物の残高":"262993546017","従業員数":"24514","平均臨時雇用人員":"8037","配当性向":"0.0838","１株当たり配当額":"31.91","発行済株式総数（普通株式）":"460000000","資本金":"59939655825"}',
  '{"売上高":"1198793116506","売上原価":"932952796914","売上総利益又は売上総損失（△)":"265840319592","販売費及び一般管理費":"70157237217","営業利益":"195683082375","経常利益":"180126392686","税引前利益":"176523864832","親会社株主に帰属する当期純利益":"175211056964"}',
  '{"総資産":"1626558893677","流動資産":"446333322621","固定資産":"1180225571056","負債":"757644533599","純資産":"868914360078","流動負債":"248710818866","固定負債":"508933714733","現金及び現金同等物":"262993546017","投資有価証券":"65988816873"}',
  '{"営業活動によるキャッシュ・フロー":"101622589620","投資活動によるキャッシュ・フロー":"-114433756948","財務活動によるキャッシュ・フロー":"56906778746","配当金の支払額":"-14678033251","現金及び現金同等物の期末残高":"262993546017"}',
  NULL
);

INSERT OR REPLACE INTO documents (
  doc_id, edinet_code, sec_code, doc_type, ordinance_code, form_code, doc_type_code,
  period_start, period_end, submit_date_time, withdrawal_status, doc_description, source_meta_json
) VALUES (
  'SAMPLE-ANNUAL-2023-1305', 'E00005', '1305', 'annual',
  '010', '030000', '120', '2022-04-01', '2023-03-31',
  '2023-06-28T09:00:00Z', '0', '有価証券報告書',
  '{"source":"local-d1-seed"}'
);

INSERT OR REPLACE INTO period_financials (
  edinet_code, sec_code, doc_id, doc_type, period_start, period_end, submit_date_time, filer_name,
  summary_json, pl_json, bs_json, cf_json, raw_tsv_path
) VALUES (
  'E00005', '1305', 'SAMPLE-ANNUAL-2023-1305', 'annual',
  '2022-04-01', '2023-03-31', '2023-06-28T09:00:00Z', 'クジラデータバンク株式会社',
  '{"売上高":"1125951642116","経常利益":"177206670167","包括利益":"168678943810","親会社株主に帰属する当期純利益":"164564823229","純資産額":"816117090695","総資産額":"1527725369889","１株当たり純資産額":"1774.17","１株当たり当期純利益又は当期純損失":"357.75","潜在株式調整後１株当たり当期純利益":"352.38","自己資本比率":"0.5342","自己資本利益率、経営指標等":"0.2016","株価収益率":"41.24","株価純資産倍率":"1.94","営業活動によるキャッシュ・フロー":"103100162469","投資活動によるキャッシュ・フロー":"-107480494153","財務活動によるキャッシュ・フロー":"53448989733","現金及び現金同等物の残高":"74273233949","従業員数":"23723","平均臨時雇用人員":"5240","配当性向":"0.0838","１株当たり配当額":"29.97","発行済株式総数（普通株式）":"460000000","資本金":"56297582106"}',
  '{"売上高":"1125951642116","売上原価":"888897349272","売上総利益又は売上総損失（△)":"237054292844","販売費及び一般管理費":"53261372364","営業利益":"183792920480","経常利益":"177206670167","税引前利益":"173662536764","親会社株主に帰属する当期純利益":"164564823229"}',
  '{"総資産":"1527725369889","流動資産":"567611921755","固定資産":"960113448134","負債":"711608279193","純資産":"816117090695","流動負債":"316291028931","固定負債":"395317250263","現金及び現金同等物":"74273233949","投資有価証券":"89605868923"}',
  '{"営業活動によるキャッシュ・フロー":"103100162469","投資活動によるキャッシュ・フロー":"-107480494153","財務活動によるキャッシュ・フロー":"53448989733","配当金の支払額":"-13786161610","現金及び現金同等物の期末残高":"74273233949"}',
  NULL
);

INSERT OR REPLACE INTO documents (
  doc_id, edinet_code, sec_code, doc_type, ordinance_code, form_code, doc_type_code,
  period_start, period_end, submit_date_time, withdrawal_status, doc_description, source_meta_json
) VALUES (
  'SAMPLE-ANNUAL-2025-1306', 'E00006', '1306', 'annual',
  '010', '030000', '120', '2024-04-01', '2025-03-31',
  '2025-06-28T09:00:00Z', '0', '有価証券報告書',
  '{"source":"local-d1-seed"}'
);

INSERT OR REPLACE INTO period_financials (
  edinet_code, sec_code, doc_id, doc_type, period_start, period_end, submit_date_time, filer_name,
  summary_json, pl_json, bs_json, cf_json, raw_tsv_path
) VALUES (
  'E00006', '1306', 'SAMPLE-ANNUAL-2025-1306', 'annual',
  '2024-04-01', '2025-03-31', '2025-06-28T09:00:00Z', 'ハリネズミファイナンス株式会社',
  '{"売上高":"2699055735097","経常利益":"332532000860","包括利益":"319663643363","親会社株主に帰属する当期純利益":"311866969135","純資産額":"4214580996077","総資産額":"11894272956019","１株当たり純資産額":"15325.75","１株当たり当期純利益又は当期純損失":"1134.06","潜在株式調整後１株当たり当期純利益":"1117.05","自己資本比率":"0.3543","自己資本利益率、経営指標等":"0.0740","株価収益率":"25.14","株価純資産倍率":"2.08","営業活動によるキャッシュ・フロー":"368411689715","投資活動によるキャッシュ・フロー":"-171253425991","財務活動によるキャッシュ・フロー":"231402372343","現金及び現金同等物の残高":"241800162189","従業員数":"19631","平均臨時雇用人員":"3786","配当性向":"0.0830","１株当たり配当額":"94.11","発行済株式総数（普通株式）":"275000000","資本金":"134952786755"}',
  '{"売上高":"2699055735097","売上原価":"2250279585559","売上総利益又は売上総損失（△)":"448776149539","販売費及び一般管理費":"109643976128","営業利益":"339132173410","経常利益":"332532000860","税引前利益":"325881360843","親会社株主に帰属する当期純利益":"311866969135"}',
  '{"総資産":"11894272956019","流動資産":"7608920263626","固定資産":"4285352692393","負債":"7679691959942","純資産":"4214580996077","流動負債":"4403899953160","固定負債":"3275792006782","現金及び現金同等物":"241800162189","投資有価証券":"130195881624"}',
  '{"営業活動によるキャッシュ・フロー":"368411689715","投資活動によるキャッシュ・フロー":"-171253425991","財務活動によるキャッシュ・フロー":"231402372343","配当金の支払額":"-25880330985","現金及び現金同等物の期末残高":"241800162189"}',
  NULL
);

INSERT OR REPLACE INTO documents (
  doc_id, edinet_code, sec_code, doc_type, ordinance_code, form_code, doc_type_code,
  period_start, period_end, submit_date_time, withdrawal_status, doc_description, source_meta_json
) VALUES (
  'SAMPLE-ANNUAL-2024-1306', 'E00006', '1306', 'annual',
  '010', '030000', '120', '2023-04-01', '2024-03-31',
  '2024-06-28T09:00:00Z', '0', '有価証券報告書',
  '{"source":"local-d1-seed"}'
);

INSERT OR REPLACE INTO period_financials (
  edinet_code, sec_code, doc_id, doc_type, period_start, period_end, submit_date_time, filer_name,
  summary_json, pl_json, bs_json, cf_json, raw_tsv_path
) VALUES (
  'E00006', '1306', 'SAMPLE-ANNUAL-2024-1306', 'annual',
  '2023-04-01', '2024-03-31', '2024-06-28T09:00:00Z', 'ハリネズミファイナンス株式会社',
  '{"売上高":"2319540594476","経常利益":"283083413124","包括利益":"274715630254","親会社株主に帰属する当期純利益":"268015249029","純資産額":"3621967335459","総資産額":"10221815209112","１株当たり純資産額":"13170.79","１株当たり当期純利益又は当期純損失":"974.60","潜在株式調整後１株当たり当期純利益":"959.98","自己資本比率":"0.3543","自己資本利益率、経営指標等":"0.0740","株価収益率":"25.14","株価純資産倍率":"2.08","営業活動によるキャッシュ・フロー":"193255583159","投資活動によるキャッシュ・フロー":"-147173423788","財務活動によるキャッシュ・フロー":"198864806432","現金及び現金同等物の残高":"476108182902","従業員数":"19018","平均臨時雇用人員":"3802","配当性向":"0.0830","１株当たり配当額":"80.88","発行済株式総数（普通株式）":"275000000","資本金":"115977029724"}',
  '{"売上高":"2319540594476","売上原価":"1915741267386","売上総利益又は売上総損失（△)":"403799327090","販売費及び一般管理費":"112352643389","営業利益":"291446683701","経常利益":"283083413124","税引前利益":"277421744861","親会社株主に帰属する当期純利益":"268015249029"}',
  '{"総資産":"10221815209112","流動資産":"5066443684180","固定資産":"5155371524932","負債":"6599847873653","純資産":"3621967335459","流動負債":"2932362323484","固定負債":"3667485550169","現金及び現金同等物":"476108182902","投資有価証券":"148136295157"}',
  '{"営業活動によるキャッシュ・フロー":"193255583159","投資活動によるキャッシュ・フロー":"-147173423788","財務活動によるキャッシュ・フロー":"198864806432","配当金の支払額":"-22241288884","現金及び現金同等物の期末残高":"476108182902"}',
  NULL
);

INSERT OR REPLACE INTO documents (
  doc_id, edinet_code, sec_code, doc_type, ordinance_code, form_code, doc_type_code,
  period_start, period_end, submit_date_time, withdrawal_status, doc_description, source_meta_json
) VALUES (
  'SAMPLE-ANNUAL-2023-1306', 'E00006', '1306', 'annual',
  '010', '030000', '120', '2022-04-01', '2023-03-31',
  '2023-06-28T09:00:00Z', '0', '有価証券報告書',
  '{"source":"local-d1-seed"}'
);

INSERT OR REPLACE INTO period_financials (
  edinet_code, sec_code, doc_id, doc_type, period_start, period_end, submit_date_time, filer_name,
  summary_json, pl_json, bs_json, cf_json, raw_tsv_path
) VALUES (
  'E00006', '1306', 'SAMPLE-ANNUAL-2023-1306', 'annual',
  '2022-04-01', '2023-03-31', '2023-06-28T09:00:00Z', 'ハリネズミファイナンス株式会社',
  '{"売上高":"1993389206254","経常利益":"232772359767","包括利益":"236087772485","親会社株主に帰属する当期純利益":"230329534132","純資産額":"3112681282278","総資産額":"8784522312174","１株当たり純資産額":"11318.84","１株当たり当期純利益又は当期純損失":"837.56","潜在株式調整後１株当たり当期純利益":"825.00","自己資本比率":"0.3543","自己資本利益率、経営指標等":"0.0740","株価収益率":"25.14","株価純資産倍率":"2.08","営業活動によるキャッシュ・フロー":"225951599172","投資活動によるキャッシュ・フロー":"-126479318847","財務活動によるキャッシュ・フロー":"170902358678","現金及び現金同等物の残高":"325452040848","従業員数":"18404","平均臨時雇用人員":"3964","配当性向":"0.0830","１株当たり配当額":"69.51","発行済株式総数（普通株式）":"275000000","資本金":"99669460313"}',
  '{"売上高":"1993389206254","売上原価":"1599844776160","売上総利益又は売上総損失（△)":"393544430094","販売費及び一般管理費":"143078163252","営業利益":"250466266842","経常利益":"232772359767","税引前利益":"228116912572","親会社株主に帰属する当期純利益":"230329534132"}',
  '{"総資産":"8784522312174","流動資産":"4620827714016","固定資産":"4163694598157","負債":"5671841029896","純資産":"3112681282278","流動負債":"2674448180328","固定負債":"2997392849568","現金及び現金同等物":"325452040848","投資有価証券":"138704877370"}',
  '{"営業活動によるキャッシュ・フロー":"225951599172","投資活動によるキャッシュ・フロー":"-126479318847","財務活動によるキャッシュ・フロー":"170902358678","配当金の支払額":"-19113933725","現金及び現金同等物の期末残高":"325452040848"}',
  NULL
);

INSERT OR REPLACE INTO documents (
  doc_id, edinet_code, sec_code, doc_type, ordinance_code, form_code, doc_type_code,
  period_start, period_end, submit_date_time, withdrawal_status, doc_description, source_meta_json
) VALUES (
  'SAMPLE-ANNUAL-2025-1307', 'E00007', '1307', 'annual',
  '010', '030000', '120', '2024-04-01', '2025-03-31',
  '2025-06-28T09:00:00Z', '0', '有価証券報告書',
  '{"source":"local-d1-seed"}'
);

INSERT OR REPLACE INTO period_financials (
  edinet_code, sec_code, doc_id, doc_type, period_start, period_end, submit_date_time, filer_name,
  summary_json, pl_json, bs_json, cf_json, raw_tsv_path
) VALUES (
  'E00007', '1307', 'SAMPLE-ANNUAL-2025-1307', 'annual',
  '2024-04-01', '2025-03-31', '2025-06-28T09:00:00Z', 'フクロウメディア株式会社',
  '{"売上高":"2767719068233","経常利益":"608753994560","包括利益":"376119350572","親会社株主に帰属する当期純利益":"366945707875","純資産額":"7914145931457","総資産額":"20980301787497","１株当たり純資産額":"13081.23","１株当たり当期純利益又は当期純損失":"606.52","潜在株式調整後１株当たり当期純利益":"597.42","自己資本比率":"0.3772","自己資本利益率、経営指標等":"0.0464","株価収益率":"35.24","株価純資産倍率":"2.26","営業活動によるキャッシュ・フロー":"439603434833","投資活動によるキャッシュ・フロー":"-371067800483","財務活動によるキャッシュ・フロー":"89573543440","現金及び現金同等物の残高":"344878090815","従業員数":"34977","平均臨時雇用人員":"10087","配当性向":"0.4257","１株当たり配当額":"258.18","発行済株式総数（普通株式）":"605000000","資本金":"138385953412"}',
  '{"売上高":"2767719068233","売上原価":"1997943041349","売上総利益又は売上総損失（△)":"769776026884","販売費及び一般管理費":"119061013942","営業利益":"650715012941","経常利益":"608753994560","税引前利益":"596578914668","親会社株主に帰属する当期純利益":"366945707875"}',
  '{"総資産":"20980301787497","流動資産":"7642509487601","固定資産":"13337792299896","負債":"13066155856040","純資産":"7914145931457","流動負債":"7018024789327","固定負債":"6048131066713","現金及び現金同等物":"344878090815","投資有価証券":"97569550719"}',
  '{"営業活動によるキャッシュ・フロー":"439603434833","投資活動によるキャッシュ・フロー":"-371067800483","財務活動によるキャッシュ・フロー":"89573543440","配当金の支払額":"-156200532081","現金及び現金同等物の期末残高":"344878090815"}',
  NULL
);

INSERT OR REPLACE INTO documents (
  doc_id, edinet_code, sec_code, doc_type, ordinance_code, form_code, doc_type_code,
  period_start, period_end, submit_date_time, withdrawal_status, doc_description, source_meta_json
) VALUES (
  'SAMPLE-ANNUAL-2024-1307', 'E00007', '1307', 'annual',
  '010', '030000', '120', '2023-04-01', '2024-03-31',
  '2024-06-28T09:00:00Z', '0', '有価証券報告書',
  '{"source":"local-d1-seed"}'
);

INSERT OR REPLACE INTO period_financials (
  edinet_code, sec_code, doc_id, doc_type, period_start, period_end, submit_date_time, filer_name,
  summary_json, pl_json, bs_json, cf_json, raw_tsv_path
) VALUES (
  'E00007', '1307', 'SAMPLE-ANNUAL-2024-1307', 'annual',
  '2023-04-01', '2024-03-31', '2024-06-28T09:00:00Z', 'フクロウメディア株式会社',
  '{"売上高":"2679229055189","経常利益":"585490457840","包括利益":"364093994884","親会社株主に帰属する当期純利益":"355213653546","純資産額":"7661113430890","総資産額":"20309515796195","１株当たり純資産額":"12663.00","１株当たり当期純利益又は当期純損失":"587.13","潜在株式調整後１株当たり当期純利益":"578.32","自己資本比率":"0.3772","自己資本利益率、経営指標等":"0.0464","株価収益率":"35.24","株価純資産倍率":"2.26","営業活動によるキャッシュ・フロー":"345057237135","投資活動によるキャッシュ・フロー":"-359203953866","財務活動によるキャッシュ・フロー":"86709681960","現金及び現金同等物の残高":"504611678661","従業員数":"33884","平均臨時雇用人員":"9858","配当性向":"0.4257","１株当たり配当額":"249.93","発行済株式総数（普通株式）":"605000000","資本金":"133961452759"}',
  '{"売上高":"2679229055189","売上原価":"1880307057132","売上総利益又は売上総損失（△)":"798921998057","販売費及び一般管理費":"169011762827","営業利益":"629910235230","経常利益":"585490457840","税引前利益":"573780648684","親会社株主に帰属する当期純利益":"355213653546"}',
  '{"総資産":"20309515796195","流動資産":"7787630141176","固定資産":"12521885655019","負債":"12648402365305","純資産":"7661113430890","流動負債":"7151287344760","固定負債":"5497115020545","現金及び現金同等物":"504611678661","投資有価証券":"173785253304"}',
  '{"営業活動によるキャッシュ・フロー":"345057237135","投資活動によるキャッシュ・フロー":"-359203953866","財務活動によるキャッシュ・フロー":"86709681960","配当金の支払額":"-151206460508","現金及び現金同等物の期末残高":"504611678661"}',
  NULL
);

INSERT OR REPLACE INTO documents (
  doc_id, edinet_code, sec_code, doc_type, ordinance_code, form_code, doc_type_code,
  period_start, period_end, submit_date_time, withdrawal_status, doc_description, source_meta_json
) VALUES (
  'SAMPLE-ANNUAL-2023-1307', 'E00007', '1307', 'annual',
  '010', '030000', '120', '2022-04-01', '2023-03-31',
  '2023-06-28T09:00:00Z', '0', '有価証券報告書',
  '{"source":"local-d1-seed"}'
);

INSERT OR REPLACE INTO period_financials (
  edinet_code, sec_code, doc_id, doc_type, period_start, period_end, submit_date_time, filer_name,
  summary_json, pl_json, bs_json, cf_json, raw_tsv_path
) VALUES (
  'E00007', '1307', 'SAMPLE-ANNUAL-2023-1307', 'annual',
  '2022-04-01', '2023-03-31', '2023-06-28T09:00:00Z', 'フクロウメディア株式会社',
  '{"売上高":"2593568260797","経常利益":"601986461709","包括利益":"352453116037","親会社株主に帰属する当期純利益":"343856698573","純資産額":"7416170931050","総資産額":"19660176295543","１株当たり純資産額":"12258.13","１株当たり当期純利益又は当期純損失":"568.36","潜在株式調整後１株当たり当期純利益":"559.83","自己資本比率":"0.3772","自己資本利益率、経営指標等":"0.0464","株価収益率":"35.24","株価純資産倍率":"2.26","営業活動によるキャッシュ・フロー":"403283024198","投資活動によるキャッシュ・フロー":"-347719420292","財務活動によるキャッシュ・フロー":"83937384375","現金及び現金同等物の残高":"274920181182","従業員数":"32791","平均臨時雇用人員":"8570","配当性向":"0.4257","１株当たり配当額":"241.94","発行済株式総数（普通株式）":"605000000","資本金":"129678413040"}',
  '{"売上高":"2593568260797","売上原価":"1894068761760","売上総利益又は売上総損失（△)":"699499499037","販売費及び一般管理費":"89728867415","営業利益":"609770631622","経常利益":"601986461709","税引前利益":"589946732475","親会社株主に帰属する当期純利益":"343856698573"}',
  '{"総資産":"19660176295543","流動資産":"5203305440228","固定資産":"14456870855315","負債":"12244005364493","純資産":"7416170931050","流動負債":"4778132971272","固定負債":"7465872393221","現金及び現金同等物":"274920181182","投資有価証券":"148845424546"}',
  '{"営業活動によるキャッシュ・フロー":"403283024198","投資活動によるキャッシュ・フロー":"-347719420292","財務活動によるキャッシュ・フロー":"83937384375","配当金の支払額":"-146372060292","現金及び現金同等物の期末残高":"274920181182"}',
  NULL
);

INSERT OR REPLACE INTO documents (
  doc_id, edinet_code, sec_code, doc_type, ordinance_code, form_code, doc_type_code,
  period_start, period_end, submit_date_time, withdrawal_status, doc_description, source_meta_json
) VALUES (
  'SAMPLE-ANNUAL-2025-1308', 'E00008', '1308', 'annual',
  '010', '030000', '120', '2024-04-01', '2025-03-31',
  '2025-06-28T09:00:00Z', '0', '有価証券報告書',
  '{"source":"local-d1-seed"}'
);

INSERT OR REPLACE INTO period_financials (
  edinet_code, sec_code, doc_id, doc_type, period_start, period_end, submit_date_time, filer_name,
  summary_json, pl_json, bs_json, cf_json, raw_tsv_path
) VALUES (
  'E00008', '1308', 'SAMPLE-ANNUAL-2025-1308', 'annual',
  '2024-04-01', '2025-03-31', '2025-06-28T09:00:00Z', 'ラッコアセットマネジメント株式会社',
  '{"売上高":"1643783724529","経常利益":"28312012930","包括利益":"17575815961","親会社株主に帰属する当期純利益":"17147137523","純資産額":"273107639772","総資産額":"747815803811","１株当たり純資産額":"762.87","１株当たり当期純利益又は当期純損失":"47.90","潜在株式調整後１株当たり当期純利益":"47.18","自己資本比率":"0.3652","自己資本利益率、経営指標等":"0.0628","株価収益率":"27.21","株価純資産倍率":"0.77","営業活動によるキャッシュ・フロー":"173109919669","投資活動によるキャッシュ・フロー":"-128969061809","財務活動によるキャッシュ・フロー":"33115753607","現金及び現金同等物の残高":"159856295745","従業員数":"25056","平均臨時雇用人員":"5885","配当性向":"0.4396","１株当たり配当額":"21.06","発行済株式総数（普通株式）":"358000000","資本金":"82189186226"}',
  '{"売上高":"1643783724529","売上原価":"1501243535417","売上総利益又は売上総損失（△)":"142540189112","販売費及び一般管理費":"111889169938","営業利益":"30651019174","経常利益":"28312012930","税引前利益":"27745772671","親会社株主に帰属する当期純利益":"17147137523"}',
  '{"総資産":"747815803811","流動資産":"166595369732","固定資産":"581220434080","負債":"474708164040","純資産":"273107639772","流動負債":"206588657646","固定負債":"268119506394","現金及び現金同等物":"159856295745","投資有価証券":"65337884415"}',
  '{"営業活動によるキャッシュ・フロー":"173109919669","投資活動によるキャッシュ・フロー":"-128969061809","財務活動によるキャッシュ・フロー":"33115753607","配当金の支払額":"-7538113349","現金及び現金同等物の期末残高":"159856295745"}',
  NULL
);

INSERT OR REPLACE INTO documents (
  doc_id, edinet_code, sec_code, doc_type, ordinance_code, form_code, doc_type_code,
  period_start, period_end, submit_date_time, withdrawal_status, doc_description, source_meta_json
) VALUES (
  'SAMPLE-ANNUAL-2024-1308', 'E00008', '1308', 'annual',
  '010', '030000', '120', '2023-04-01', '2024-03-31',
  '2024-06-28T09:00:00Z', '0', '有価証券報告書',
  '{"source":"local-d1-seed"}'
);

INSERT OR REPLACE INTO period_financials (
  edinet_code, sec_code, doc_id, doc_type, period_start, period_end, submit_date_time, filer_name,
  summary_json, pl_json, bs_json, cf_json, raw_tsv_path
) VALUES (
  'E00008', '1308', 'SAMPLE-ANNUAL-2024-1308', 'annual',
  '2023-04-01', '2024-03-31', '2024-06-28T09:00:00Z', 'ラッコアセットマネジメント株式会社',
  '{"売上高":"1644363031229","経常利益":"29565239400","包括利益":"17582010077","親会社株主に帰属する当期純利益":"17153180563","純資産額":"273203889104","総資産額":"748079351077","１株当たり純資産額":"763.14","１株当たり当期純利益又は当期純損失":"47.91","潜在株式調整後１株当たり当期純利益":"47.19","自己資本比率":"0.3652","自己資本利益率、経営指標等":"0.0628","株価収益率":"27.21","株価純資産倍率":"0.77","営業活動によるキャッシュ・フロー":"198041184652","投資活動によるキャッシュ・フロー":"-129014513434","財務活動によるキャッシュ・フロー":"33127424350","現金及び現金同等物の残高":"351893180039","従業員数":"24273","平均臨時雇用人員":"6508","配当性向":"0.4396","１株当たり配当額":"21.06","発行済株式総数（普通株式）":"358000000","資本金":"82218151561"}',
  '{"売上高":"1644363031229","売上原価":"1573582536171","売上総利益又は売上総損失（△)":"70780495058","販売費及び一般管理費":"40118673769","営業利益":"30661821289","経常利益":"29565239400","税引前利益":"28973934612","親会社株主に帰属する当期純利益":"17153180563"}',
  '{"総資産":"748079351077","流動資産":"132009745232","固定資産":"616069605845","負債":"474875461973","純資産":"273203889104","流動負債":"163700324370","固定負債":"311175137603","現金及び現金同等物":"351893180039","投資有価証券":"78757929618"}',
  '{"営業活動によるキャッシュ・フロー":"198041184652","投資活動によるキャッシュ・フロー":"-129014513434","財務活動によるキャッシュ・フロー":"33127424350","配当金の支払額":"-7540769951","現金及び現金同等物の期末残高":"351893180039"}',
  NULL
);

INSERT OR REPLACE INTO documents (
  doc_id, edinet_code, sec_code, doc_type, ordinance_code, form_code, doc_type_code,
  period_start, period_end, submit_date_time, withdrawal_status, doc_description, source_meta_json
) VALUES (
  'SAMPLE-ANNUAL-2023-1308', 'E00008', '1308', 'annual',
  '010', '030000', '120', '2022-04-01', '2023-03-31',
  '2023-06-28T09:00:00Z', '0', '有価証券報告書',
  '{"source":"local-d1-seed"}'
);

INSERT OR REPLACE INTO period_financials (
  edinet_code, sec_code, doc_id, doc_type, period_start, period_end, submit_date_time, filer_name,
  summary_json, pl_json, bs_json, cf_json, raw_tsv_path
) VALUES (
  'E00008', '1308', 'SAMPLE-ANNUAL-2023-1308', 'annual',
  '2022-04-01', '2023-03-31', '2023-06-28T09:00:00Z', 'ラッコアセットマネジメント株式会社',
  '{"売上高":"1644942542090","経常利益":"28252305526","包括利益":"17588206377","親会社株主に帰属する当期純利益":"17159225733","純資産額":"273300172356","総資産額":"748342991222","１株当たり純資産額":"763.41","１株当たり当期純利益又は当期純損失":"47.93","潜在株式調整後１株当たり当期純利益":"47.21","自己資本比率":"0.3652","自己資本利益率、経営指標等":"0.0628","株価収益率":"27.21","株価純資産倍率":"0.77","営業活動によるキャッシュ・フロー":"194892654145","投資活動によるキャッシュ・フロー":"-129059981077","財務活動によるキャッシュ・フロー":"33139099207","現金及び現金同等物の残高":"165303376500","従業員数":"23490","平均臨時雇用人員":"3728","配当性向":"0.4396","１株当たり配当額":"21.07","発行済株式総数（普通株式）":"358000000","資本金":"82247127104"}',
  '{"売上高":"1644942542090","売上原価":"1559523625219","売上総利益又は売上総損失（△)":"85418916871","販売費及び一般管理費":"54746289660","営業利益":"30672627211","経常利益":"28252305526","税引前利益":"27687259415","親会社株主に帰属する当期純利益":"17159225733"}',
  '{"総資産":"748342991222","流動資産":"191316567749","固定資産":"557026423473","負債":"475042818866","純資産":"273300172356","流動負債":"237244486328","固定負債":"237798332538","現金及び現金同等物":"165303376500","投資有価証券":"112689108879"}',
  '{"営業活動によるキャッシュ・フロー":"194892654145","投資活動によるキャッシュ・フロー":"-129059981077","財務活動によるキャッシュ・フロー":"33139099207","配当金の支払額":"-7543427490","現金及び現金同等物の期末残高":"165303376500"}',
  NULL
);

INSERT OR REPLACE INTO documents (
  doc_id, edinet_code, sec_code, doc_type, ordinance_code, form_code, doc_type_code,
  period_start, period_end, submit_date_time, withdrawal_status, doc_description, source_meta_json
) VALUES (
  'SAMPLE-ANNUAL-2025-1309', 'E00009', '1309', 'annual',
  '010', '030000', '120', '2024-04-01', '2025-03-31',
  '2025-06-28T09:00:00Z', '0', '有価証券報告書',
  '{"source":"local-d1-seed"}'
);

INSERT OR REPLACE INTO period_financials (
  edinet_code, sec_code, doc_id, doc_type, period_start, period_end, submit_date_time, filer_name,
  summary_json, pl_json, bs_json, cf_json, raw_tsv_path
) VALUES (
  'E00009', '1309', 'SAMPLE-ANNUAL-2025-1309', 'annual',
  '2024-04-01', '2025-03-31', '2025-06-28T09:00:00Z', 'シロクマエナジー株式会社',
  '{"売上高":"1801524335274","経常利益":"170946081249","包括利益":"103180149328","親会社株主に帰属する当期純利益":"100663560320","純資産額":"664882057274","総資産額":"2734415464196","１株当たり純資産額":"1018.20","１株当たり当期純利益又は当期純損失":"154.16","潜在株式調整後１株当たり当期純利益":"151.85","自己資本比率":"0.2432","自己資本利益率、経営指標等":"0.1514","株価収益率":"12.56","株価純資産倍率":"3.48","営業活動によるキャッシュ・フロー":"217221162242","投資活動によるキャッシュ・フロー":"-145267256162","財務活動によるキャッシュ・フロー":"-35854615817","現金及び現金同等物の残高":"115640694299","従業員数":"40361","平均臨時雇用人員":"6753","配当性向":"0.0823","１株当たり配当額":"12.69","発行済株式総数（普通株式）":"653000000","資本金":"90076216764"}',
  '{"売上高":"1801524335274","売上原価":"1515674042373","売上総利益又は売上総損失（△)":"285850292901","販売費及び一般管理費":"113022103867","営業利益":"172828189034","経常利益":"170946081249","税引前利益":"167527159624","親会社株主に帰属する当期純利益":"100663560320"}',
  '{"総資産":"2734415464196","流動資産":"1702926296129","固定資産":"1031489168066","負債":"2069533406921","純資産":"664882057274","流動負債":"888118344125","固定負債":"1181415062796","現金及び現金同等物":"115640694299","投資有価証券":"119005109720"}',
  '{"営業活動によるキャッシュ・フロー":"217221162242","投資活動によるキャッシュ・フロー":"-145267256162","財務活動によるキャッシュ・フロー":"-35854615817","配当金の支払額":"-8288388051","現金及び現金同等物の期末残高":"115640694299"}',
  NULL
);

INSERT OR REPLACE INTO documents (
  doc_id, edinet_code, sec_code, doc_type, ordinance_code, form_code, doc_type_code,
  period_start, period_end, submit_date_time, withdrawal_status, doc_description, source_meta_json
) VALUES (
  'SAMPLE-ANNUAL-2024-1309', 'E00009', '1309', 'annual',
  '010', '030000', '120', '2023-04-01', '2024-03-31',
  '2024-06-28T09:00:00Z', '0', '有価証券報告書',
  '{"source":"local-d1-seed"}'
);

INSERT OR REPLACE INTO period_financials (
  edinet_code, sec_code, doc_id, doc_type, period_start, period_end, submit_date_time, filer_name,
  summary_json, pl_json, bs_json, cf_json, raw_tsv_path
) VALUES (
  'E00009', '1309', 'SAMPLE-ANNUAL-2024-1309', 'annual',
  '2023-04-01', '2024-03-31', '2024-06-28T09:00:00Z', 'シロクマエナジー株式会社',
  '{"売上高":"1971288340077","経常利益":"179619362220","包括利益":"112903179444","親会社株主に帰属する当期純利益":"110149443360","純資産額":"727536243262","総資産額":"2992089096968","１株当たり純資産額":"1114.14","１株当たり当期純利益又は当期純損失":"168.68","潜在株式調整後１株当たり当期純利益":"166.15","自己資本比率":"0.2432","自己資本利益率、経営指標等":"0.1514","株価収益率":"12.56","株価純資産倍率":"3.48","営業活動によるキャッシュ・フロー":"163972127499","投資活動によるキャッシュ・フロー":"-158956303093","財務活動によるキャッシュ・フロー":"-39233322977","現金及び現金同等物の残高":"365819037206","従業員数":"39100","平均臨時雇用人員":"11387","配当性向":"0.0823","１株当たり配当額":"13.89","発行済株式総数（普通株式）":"653000000","資本金":"98564417004"}',
  '{"売上高":"1971288340077","売上原価":"1653150652280","売上総利益又は売上総損失（△)":"318137687797","販売費及び一般管理費":"129023287725","営業利益":"189114400072","経常利益":"179619362220","税引前利益":"176026974976","親会社株主に帰属する当期純利益":"110149443360"}',
  '{"総資産":"2992089096968","流動資産":"1939716166077","固定資産":"1052372930891","負債":"2264552853705","純資産":"727536243262","流動負債":"1011610140383","固定負債":"1252942713322","現金及び現金同等物":"365819037206","投資有価証券":"135318699033"}',
  '{"営業活動によるキャッシュ・フロー":"163972127499","投資活動によるキャッシュ・フロー":"-158956303093","財務活動によるキャッシュ・フロー":"-39233322977","配当金の支払額":"-9069432149","現金及び現金同等物の期末残高":"365819037206"}',
  NULL
);

INSERT OR REPLACE INTO documents (
  doc_id, edinet_code, sec_code, doc_type, ordinance_code, form_code, doc_type_code,
  period_start, period_end, submit_date_time, withdrawal_status, doc_description, source_meta_json
) VALUES (
  'SAMPLE-ANNUAL-2023-1309', 'E00009', '1309', 'annual',
  '010', '030000', '120', '2022-04-01', '2023-03-31',
  '2023-06-28T09:00:00Z', '0', '有価証券報告書',
  '{"source":"local-d1-seed"}'
);

INSERT OR REPLACE INTO period_financials (
  edinet_code, sec_code, doc_id, doc_type, period_start, period_end, submit_date_time, filer_name,
  summary_json, pl_json, bs_json, cf_json, raw_tsv_path
) VALUES (
  'E00009', '1309', 'SAMPLE-ANNUAL-2023-1309', 'annual',
  '2022-04-01', '2023-03-31', '2023-06-28T09:00:00Z', 'シロクマエナジー株式会社',
  '{"売上高":"2157049807009","経常利益":"193108722032","包括利益":"123542445049","親会社株主に帰属する当期純利益":"120529214682","純資産額":"796094554620","総資産額":"3274044226789","１株当たり純資産額":"1219.13","１株当たり当期純利益又は当期純損失":"184.58","潜在株式調整後１株当たり当期純利益":"181.81","自己資本比率":"0.2432","自己資本利益率、経営指標等":"0.1514","株価収益率":"12.56","株価純資産倍率":"3.48","営業活動によるキャッシュ・フロー":"363656505023","投資活動によるキャッシュ・フロー":"-173935317294","財務活動によるキャッシュ・フロー":"-42930417654","現金及び現金同等物の残高":"296725119371","従業員数":"37839","平均臨時雇用人員":"10687","配当性向":"0.0823","１株当たり配当額":"15.20","発行済株式総数（普通株式）":"653000000","資本金":"107852490350"}',
  '{"売上高":"2157049807009","売上原価":"1820905649613","売上総利益又は売上総損失（△)":"336144157395","販売費及び一般管理費":"129208839064","営業利益":"206935318332","経常利益":"193108722032","税引前利益":"189246547591","親会社株主に帰属する当期純利益":"120529214682"}',
  '{"総資産":"3274044226789","流動資産":"2578029384689","固定資産":"696014842100","負債":"2477949672170","純資産":"796094554620","流動負債":"1344506332095","固定負債":"1133443340074","現金及び現金同等物":"296725119371","投資有価証券":"65522607544"}',
  '{"営業活動によるキャッシュ・フロー":"363656505023","投資活動によるキャッシュ・フロー":"-173935317294","財務活動によるキャッシュ・フロー":"-42930417654","配当金の支払額":"-9924076792","現金及び現金同等物の期末残高":"296725119371"}',
  NULL
);

INSERT OR REPLACE INTO documents (
  doc_id, edinet_code, sec_code, doc_type, ordinance_code, form_code, doc_type_code,
  period_start, period_end, submit_date_time, withdrawal_status, doc_description, source_meta_json
) VALUES (
  'SAMPLE-ANNUAL-2025-1310', 'E00010', '1310', 'annual',
  '010', '030000', '120', '2024-04-01', '2025-03-31',
  '2025-06-28T09:00:00Z', '0', '有価証券報告書',
  '{"source":"local-d1-seed"}'
);

INSERT OR REPLACE INTO period_financials (
  edinet_code, sec_code, doc_id, doc_type, period_start, period_end, submit_date_time, filer_name,
  summary_json, pl_json, bs_json, cf_json, raw_tsv_path
) VALUES (
  'E00010', '1310', 'SAMPLE-ANNUAL-2025-1310', 'annual',
  '2024-04-01', '2025-03-31', '2025-06-28T09:00:00Z', 'ウサギテクノロジーズ株式会社',
  '{"売上高":"2432864376897","経常利益":"474365078330","包括利益":"388204494750","親会社株主に帰属する当期純利益":"378736092439","純資産額":"1766400760661","総資産額":"4251940862630","１株当たり純資産額":"2725.93","１株当たり当期純利益又は当期純損失":"584.47","潜在株式調整後１株当たり当期純利益":"575.70","自己資本比率":"0.4154","自己資本利益率、経営指標等":"0.2144","株価収益率":"29.18","株価純資産倍率":"2.26","営業活動によるキャッシュ・フロー":"408992154726","投資活動によるキャッシュ・フロー":"-174461454647","財務活動によるキャッシュ・フロー":"-112771748507","現金及び現金同等物の残高":"243470903935","従業員数":"17779","平均臨時雇用人員":"5449","配当性向":"0.5911","１株当たり配当額":"345.51","発行済株式総数（普通株式）":"648000000","資本金":"121643218845"}',
  '{"売上高":"2432864376897","売上原価":"1751223643436","売上総利益又は売上総損失（△)":"681640733461","販売費及び一般管理費":"177347030522","営業利益":"504293702939","経常利益":"474365078330","税引前利益":"464877776764","親会社株主に帰属する当期純利益":"378736092439"}',
  '{"総資産":"4251940862630","流動資産":"1291038907826","固定資産":"2960901954804","負債":"2485540101969","純資産":"1766400760661","流動負債":"851171158606","固定負債":"1634368943363","現金及び現金同等物":"243470903935","投資有価証券":"167142872037"}',
  '{"営業活動によるキャッシュ・フロー":"408992154726","投資活動によるキャッシュ・フロー":"-174461454647","財務活動によるキャッシュ・フロー":"-112771748507","配当金の支払額":"-223887983451","現金及び現金同等物の期末残高":"243470903935"}',
  NULL
);

INSERT OR REPLACE INTO documents (
  doc_id, edinet_code, sec_code, doc_type, ordinance_code, form_code, doc_type_code,
  period_start, period_end, submit_date_time, withdrawal_status, doc_description, source_meta_json
) VALUES (
  'SAMPLE-ANNUAL-2024-1310', 'E00010', '1310', 'annual',
  '010', '030000', '120', '2023-04-01', '2024-03-31',
  '2024-06-28T09:00:00Z', '0', '有価証券報告書',
  '{"source":"local-d1-seed"}'
);

INSERT OR REPLACE INTO period_financials (
  edinet_code, sec_code, doc_id, doc_type, period_start, period_end, submit_date_time, filer_name,
  summary_json, pl_json, bs_json, cf_json, raw_tsv_path
) VALUES (
  'E00010', '1310', 'SAMPLE-ANNUAL-2024-1310', 'annual',
  '2023-04-01', '2024-03-31', '2024-06-28T09:00:00Z', 'ウサギテクノロジーズ株式会社',
  '{"売上高":"2559903054539","経常利益":"516709611951","包括利益":"408475655829","親会社株主に帰属する当期純利益":"398512834955","純資産額":"1858638214977","総資産額":"4473967601865","１株当たり純資産額":"2868.27","１株当たり当期純利益又は当期純損失":"614.99","潜在株式調整後１株当たり当期純利益":"605.77","自己資本比率":"0.4154","自己資本利益率、経営指標等":"0.2144","株価収益率":"29.18","株価純資産倍率":"2.26","営業活動によるキャッシュ・フロー":"284703067434","投資活動によるキャッシュ・フロー":"-183571437393","財務活動によるキャッシュ・フロー":"-118660434265","現金及び現金同等物の残高":"516884605717","従業員数":"17224","平均臨時雇用人員":"3880","配当性向":"0.5911","１株当たり配当額":"363.55","発行済株式総数（普通株式）":"648000000","資本金":"127995152727"}',
  '{"売上高":"2559903054539","売上原価":"1899814202206","売上総利益又は売上総損失（△)":"660088852334","販売費及び一般管理費":"129462072314","営業利益":"530626780020","経常利益":"516709611951","税引前利益":"506375419712","親会社株主に帰属する当期純利益":"398512834955"}',
  '{"総資産":"4473967601865","流動資産":"1596307270503","固定資産":"2877660331362","負債":"2615329386888","純資産":"1858638214977","流動負債":"1052432038020","固定負債":"1562897348869","現金及び現金同等物":"516884605717","投資有価証券":"93796801932"}',
  '{"営業活動によるキャッシュ・フロー":"284703067434","投資活動によるキャッシュ・フロー":"-183571437393","財務活動によるキャッシュ・フロー":"-118660434265","配当金の支払額":"-235578907790","現金及び現金同等物の期末残高":"516884605717"}',
  NULL
);

INSERT OR REPLACE INTO documents (
  doc_id, edinet_code, sec_code, doc_type, ordinance_code, form_code, doc_type_code,
  period_start, period_end, submit_date_time, withdrawal_status, doc_description, source_meta_json
) VALUES (
  'SAMPLE-ANNUAL-2023-1310', 'E00010', '1310', 'annual',
  '010', '030000', '120', '2022-04-01', '2023-03-31',
  '2023-06-28T09:00:00Z', '0', '有価証券報告書',
  '{"source":"local-d1-seed"}'
);

INSERT OR REPLACE INTO period_financials (
  edinet_code, sec_code, doc_id, doc_type, period_start, period_end, submit_date_time, filer_name,
  summary_json, pl_json, bs_json, cf_json, raw_tsv_path
) VALUES (
  'E00010', '1310', 'SAMPLE-ANNUAL-2023-1310', 'annual',
  '2022-04-01', '2023-03-31', '2023-06-28T09:00:00Z', 'ウサギテクノロジーズ株式会社',
  '{"売上高":"2693575404725","経常利益":"543168804928","包括利益":"429805331112","親会社株主に帰属する当期純利益":"419322274255","純資産額":"1955692100631","総資産額":"4707588075474","１株当たり純資産額":"3018.04","１株当たり当期純利益又は当期純損失":"647.10","潜在株式調整後１株当たり当期純利益":"637.39","自己資本比率":"0.4154","自己資本利益率、経営指標等":"0.2144","株価収益率":"29.18","株価純資産倍率":"2.26","営業活動によるキャッシュ・フロー":"344103069269","投資活動によるキャッシュ・フロー":"-193157122843","財務活動によるキャッシュ・フロー":"-124856613880","現金及び現金同等物の残高":"323988409065","従業員数":"16668","平均臨時雇用人員":"4289","配当性向":"0.5911","１株当たり配当額":"382.53","発行済株式総数（普通株式）":"648000000","資本金":"134678770236"}',
  '{"売上高":"2693575404725","売上原価":"2035913540992","売上総利益又は売上総損失（△)":"657661863733","販売費及び一般管理費":"99326952879","営業利益":"558334910853","経常利益":"543168804928","税引前利益":"532305428829","親会社株主に帰属する当期純利益":"419322274255"}',
  '{"総資産":"4707588075474","流動資産":"1612447845778","固定資産":"3095140229696","負債":"2751895974843","純資産":"1955692100631","流動負債":"1063073384360","固定負債":"1688822590483","現金及び現金同等物":"323988409065","投資有価証券":"77383523122"}',
  '{"営業活動によるキャッシュ・フロー":"344103069269","投資活動によるキャッシュ・フロー":"-193157122843","財務活動によるキャッシュ・フロー":"-124856613880","配当金の支払額":"-247880305768","現金及び現金同等物の期末残高":"323988409065"}',
  NULL
);

INSERT OR REPLACE INTO daily_metrics (
  snapshot_date, company_count, document_count, period_financial_count
) VALUES (
  '2025-06-28', 11, 60, 60
);

